Unnamed: 0,Unnamed: 0.1,Unnamed: 0.1.1,Unnamed: 0.1.1.1,Unnamed: 0.1.1.1.1,Unnamed: 0.1.1.1.1.1,Index,Date and Time,Speed (km/h),Distance traveled (km).1,Status,Position,Longitude,Latitude,Distance_geopy,Distance traveled (km)
0,0,1,1,1,1,,2017-04-03 00:01:05,66,0,"ACC开,3D定位,天线正常","黑龙江省牡丹江市西安区G11(鹤大高速),距黑山村 约618米",129.533,44.480072,842.8962147594896,0
1,1,2,2,2,2,,2017-04-03 00:01:53,63,0,"ACC开,3D定位,天线正常","黑龙江省牡丹江市西安区G11(鹤大高速),距温春检查站 约205米,距三间房 约242米",129.54131999999998,44.485016,859.0097006840808,0
2,2,3,3,3,3,,2017-04-03 00:02:40,64,1,"ACC开,3D定位,天线正常",黑龙江省牡丹江市西安区G201(鹤大线),129.55028,44.48822,795.069864085703,1
3,3,4,4,4,4,,2017-04-03 00:03:27,66,1,"ACC开,3D定位,天线正常",黑龙江省牡丹江市西安区G11(鹤大高速),129.55774,44.493626,843.5089180673598,1
4,4,5,5,5,5,,2017-04-03 00:04:16,62,1,"ACC开,3D定位,天线正常",黑龙江省牡丹江市西安区G201(鹤大线),129.56155,44.50075,847.8346866204885,1
5,5,6,6,6,6,,2017-04-03 00:05:04,56,1,"ACC开,3D定位,天线正常",黑龙江省牡丹江市西安区G201(鹤大线),129.56537,44.507267,785.4325520311903,1
6,6,7,7,7,7,,2017-04-03 00:05:53,18,2,"ACC开,3D定位,天线正常",黑龙江省牡丹江市西安区,129.56949,44.511757,596.6588155725102,2
7,7,8,8,8,8,,2017-04-03 00:06:40,0,2,"ACC开,3D定位,天线正常",黑龙江省牡丹江市西安区,129.56981000000002,44.512127,48.33754313962593,2
8,8,9,9,9,9,,2017-04-03 00:07:29,0,2,"ACC开,3D定位,天线正常",黑龙江省牡丹江市西安区,129.56981000000002,44.512127,0.0,2
9,9,10,10,10,10,,2017-04-03 00:08:40,0,2,"ACC开,3D定位,天线正常",黑龙江省牡丹江市西安区,129.56981000000002,44.512127,0.0,2
10,10,11,11,11,11,,2017-04-03 00:09:28,29,2,"ACC开,3D定位,天线正常",黑龙江省牡丹江市西安区三道互通,129.57088000000002,44.51338,163.12719837147662,2
11,11,12,12,12,12,,2017-04-03 00:10:16,41,2,"ACC开,3D定位,天线正常",黑龙江省牡丹江市西安区,129.57445,44.517048,496.464629533004,2
12,12,13,13,13,13,,2017-04-03 00:11:04,47,2,"ACC开,3D定位,天线正常","黑龙江省牡丹江市西安区,距骄阳服务区 约490米,距黑龙江省ETC运营管理中心牡丹江南服务网点 约510米",129.57872,44.521328,584.0425716609548,2
13,13,14,14,14,14,,2017-04-03 00:11:52,49,2,"ACC开,3D定位,天线正常","黑龙江省牡丹江市西安区,距骄阳服务区 约439米,距黑龙江省ETC运营管理中心牡丹江南服务网点 约482米",129.58368000000002,44.526287,677.2587452020042,2
14,14,15,15,15,15,,2017-04-03 00:12:40,0,2,"ACC开,3D定位,天线正常","黑龙江省牡丹江市西安区,距牡丹江海浪机场 约678米",129.58612,44.52944,400.4145068948055,2
15,15,16,16,16,16,,2017-04-03 00:16:28,0,2,"ACC开,3D定位,天线正常","黑龙江省牡丹江市西安区,距牡丹江海浪机场 约676米",129.58612,44.529457,1.890316422651372,2
16,16,17,17,17,17,,2017-04-03 00:19:44,0,2,"ACC开,3D定位,天线正常","黑龙江省牡丹江市西安区,距牡丹江海浪机场 约676米",129.58612,44.529457,0.0,2
17,17,18,18,18,18,,2017-04-03 00:23:00,0,2,"ACC开,3D定位,天线正常","黑龙江省牡丹江市西安区,距牡丹江海浪机场 约676米",129.58612,44.529457,0.0,2
18,18,19,19,19,19,,2017-04-03 00:25:04,0,2,"ACC开,3D定位,天线正常","黑龙江省牡丹江市西安区,距牡丹江海浪机场 约676米",129.58612,44.529457,0.0,2
19,19,20,20,20,20,,2017-04-03 00:25:52,18,2,"ACC开,3D定位,天线正常","黑龙江省牡丹江市西安区,距牡丹江海浪机场 约669米",129.58796999999998,44.530376,178.740335167938,2
20,20,21,21,21,21,,2017-04-03 00:29:40,0,2,"ACC开,3D定位,天线正常","黑龙江省牡丹江市西安区,距牡丹江海浪机场 约674米",129.58841,44.5306,42.858801766533546,2
21,21,22,22,22,22,,2017-04-03 00:32:39,0,2,"ACC开,3D定位,天线正常","黑龙江省牡丹江市西安区,距牡丹江海浪机场 约674米",129.58841,44.5306,0.0,2
22,22,23,23,23,23,,2017-04-03 00:33:27,11,2,"ACC开,3D定位,天线正常","黑龙江省牡丹江市西安区,距牡丹江海浪机场 约670米",129.58855,44.530754,20.40559791215382,2
23,23,24,24,24,24,,2017-04-03 00:34:15,33,3,"ACC开,3D定位,天线正常","黑龙江省牡丹江市西安区,距天资食品有限责任公司 约528米,距长城钻具 约646米",129.59149,44.532555,307.2699063531802,3
24,24,25,25,25,25,,2017-04-03 00:35:03,29,3,"ACC开,3D定位,天线正常","黑龙江省牡丹江市东安区G201(鹤大线),距天资食品有限责任公司 约108米,距长城钻具 约233米",129.59662,44.533947,435.0910321788749,3
25,25,26,26,26,26,,2017-04-03 00:35:51,0,3,"ACC开,3D定位,天线正常","黑龙江省牡丹江市东安区G201(鹤大线),距天资食品有限责任公司 约82米,距长城钻具 约148米",129.59819,44.53428,129.83571677450246,3
26,26,27,27,27,27,,2017-04-03 00:36:39,29,3,"ACC开,3D定位,天线正常","黑龙江省牡丹江市东安区,距兴隆村工业园 约237米,距长城钻具 约258米",129.6016,44.535145,286.8897874076024,3
27,27,28,28,28,28,,2017-04-03 00:37:27,22,3,"ACC开,3D定位,天线正常","黑龙江省牡丹江市东安区,距兴隆村工业园 约484米,距长城钻具 约559米",129.60538,44.53633,327.3028288255025,3
28,28,29,29,29,29,,2017-04-03 00:38:18,0,3,"ACC开,3D定位,天线正常","黑龙江省牡丹江市东安区,距兴隆村工业园 约450米,距长城钻具 约542米",129.60486,44.537193,104.43788314137642,3
29,29,30,30,30,30,,2017-04-03 00:40:51,0,3,"ACC开,3D定位,天线正常","黑龙江省牡丹江市东安区,距兴隆村工业园 约450米,距长城钻具 约542米",129.60486,44.537193,0.0,3
30,30,31,31,31,31,,2017-04-03 00:41:39,28,3,"ACC开,3D定位,天线正常","黑龙江省牡丹江市东安区G201(鹤大线),距兴隆村工业园 约438米,距长城钻具 约548米",129.6042,44.53829,132.72442126261535,3
31,31,32,32,32,32,,2017-04-03 00:42:28,33,3,"ACC开,3D定位,天线正常","黑龙江省牡丹江市东安区G201(鹤大线),距一嗨租车(牡丹江海浪机场点) 约518米,距牡丹江海浪机场-国内国际出发 约578米",129.60204,44.541847,430.9795738874897,3
32,32,33,33,33,33,,2017-04-03 00:43:16,29,3,"ACC开,3D定位,天线正常","黑龙江省牡丹江市东安区,距兴隆村 约487米,距怡兴花园小区1号楼 约522米",129.60498,44.544106,342.6148489694507,3
33,33,34,34,34,34,,2017-04-03 00:44:04,24,3,"ACC开,3D定位,天线正常","黑龙江省牡丹江市东安区G201,距怡兴花园小区1号楼 约190米,距兴隆村 约194米",129.6092,44.54612,402.4858982778601,3
34,34,35,35,35,35,,2017-04-03 00:44:52,27,4,"ACC开,3D定位,天线正常","黑龙江省牡丹江市东安区G201,距兴隆村 约176米,距怡兴花园小区1号楼 约207米",129.61208,44.543556,365.20746059621865,4
35,35,36,36,36,36,,2017-04-03 00:45:40,27,4,"ACC开,3D定位,天线正常","黑龙江省牡丹江市东安区G201(鹤大线),距江南公租房 约13米,距老李汽车修理 约144米",129.61577,44.544228,301.82904538803336,4
36,36,37,37,37,37,,2017-04-03 00:47:32,0,4,"ACC开,3D定位,天线正常","黑龙江省牡丹江市东安区G201(八面通街),距江南公租房 约46米,距老毕汽修 约180米",129.61647,44.54425,55.52873127048896,4
37,37,38,38,38,38,,2017-04-03 00:48:20,27,4,"ACC开,3D定位,天线正常","黑龙江省牡丹江市东安区G201(八面通街),距老毕汽修 约70米,距江南公租房 约185米",129.61807,44.54355200000001,148.66836078606212,4
38,38,39,39,39,39,,2017-04-03 00:49:08,22,4,"ACC开,3D定位,天线正常","黑龙江省牡丹江市东安区,距老李汽车修理 约307米,距老毕汽修 约360米",129.6172,44.54093,299.5955642650114,4
39,39,40,40,40,40,,2017-04-03 00:49:56,24,4,"ACC开,3D定位,天线正常","黑龙江省牡丹江市东安区,距五洲国际商贸博览城 约131米,距老李汽车修理 约452米",129.6118,44.53967700000001,450.0854486322515,4
40,40,41,41,41,41,,2017-04-03 00:53:44,0,4,"ACC开,3D定位,天线正常","黑龙江省牡丹江市东安区,距五洲国际商贸博览城 约158米,距老李汽车修理 约487米",129.61123999999998,44.53957,45.950444329890026,4
41,41,42,42,42,42,,2017-04-03 00:55:11,0,4,"ACC开,3D定位,天线正常","黑龙江省牡丹江市东安区,距五洲国际商贸博览城 约158米,距老李汽车修理 约487米",129.61123999999998,44.53957,0.0,4
42,42,43,43,43,43,,2017-04-03 00:55:59,16,4,"ACC开,3D定位,天线正常","黑龙江省牡丹江市东安区,距五洲国际商贸博览城 约243米,距老李汽车修理 约592米",129.6099,44.539127,117.07130420262945,4
43,43,44,44,44,44,,2017-04-03 00:56:47,19,4,"ACC开,3D定位,天线正常","黑龙江省牡丹江市东安区,距五洲国际商贸博览城 约225米,距福海茗珠酒店 约425米",129.61098,44.537342,216.1543479233664,4
44,44,45,45,45,45,,2017-04-03 00:57:36,11,4,"ACC开,3D定位,天线正常","黑龙江省牡丹江市东安区,距五洲国际商贸博览城 约114米,距福海茗珠酒店 约456米",129.61373999999998,44.53797,229.62931667649917,4
45,45,46,46,46,46,,2017-04-03 00:58:23,9,4,"ACC开,3D定位,天线正常","黑龙江省牡丹江市东安区,距五洲国际商贸博览城 约126米,距福海茗珠酒店 约446米",129.61217,44.53782,125.54851618498327,4
46,46,47,47,47,47,,2017-04-03 01:02:12,0,4,"ACC开,3D定位,天线正常","黑龙江省牡丹江市东安区,距五洲国际商贸博览城 约122米,距福海茗珠酒店 约460米",129.61203,44.53793,16.514652114962242,4
47,47,48,48,48,48,,2017-04-03 01:05:28,0,4,"ACC开,3D定位,天线正常","黑龙江省牡丹江市东安区,距五洲国际商贸博览城 约122米,距福海茗珠酒店 约460米",129.61203,44.53793,0.0,4
48,48,49,49,49,49,,2017-04-03 01:08:44,0,4,"ACC开,3D定位,天线正常","黑龙江省牡丹江市东安区,距五洲国际商贸博览城 约122米,距福海茗珠酒店 约460米",129.61203,44.53793,0.0,4
49,49,50,50,50,50,,2017-04-03 01:12:00,0,4,"ACC开,3D定位,天线正常","黑龙江省牡丹江市东安区,距五洲国际商贸博览城 约122米,距福海茗珠酒店 约460米",129.61203,44.53793,0.0,4
50,50,51,51,51,51,,2017-04-03 01:15:16,0,4,"ACC开,3D定位,天线正常","黑龙江省牡丹江市东安区,距五洲国际商贸博览城 约122米,距福海茗珠酒店 约460米",129.61203,44.53793,0.0,4
51,51,52,52,52,52,,2017-04-03 01:18:33,0,4,"ACC开,3D定位,天线正常","黑龙江省牡丹江市东安区,距五洲国际商贸博览城 约122米,距福海茗珠酒店 约460米",129.61203,44.53793,0.0,4
52,52,53,53,53,53,,2017-04-03 01:21:49,0,4,"ACC开,3D定位,天线正常","黑龙江省牡丹江市东安区,距五洲国际商贸博览城 约122米,距福海茗珠酒店 约460米",129.61203,44.53793,0.0,4
53,53,54,54,54,54,,2017-04-03 01:25:05,0,4,"ACC开,3D定位,天线正常","黑龙江省牡丹江市东安区,距五洲国际商贸博览城 约122米,距福海茗珠酒店 约460米",129.61203,44.53793,0.0,4
54,54,55,55,55,55,,2017-04-03 01:28:21,0,4,"ACC开,3D定位,天线正常","黑龙江省牡丹江市东安区,距五洲国际商贸博览城 约122米,距福海茗珠酒店 约460米",129.61203,44.53793,0.0,4
55,55,56,56,56,56,,2017-04-03 01:31:37,0,4,"ACC开,3D定位,天线正常","黑龙江省牡丹江市东安区,距五洲国际商贸博览城 约122米,距福海茗珠酒店 约460米",129.61203,44.53793,0.0,4
56,56,57,57,57,57,,2017-04-03 01:34:53,0,4,"ACC开,3D定位,天线正常","黑龙江省牡丹江市东安区,距五洲国际商贸博览城 约122米,距福海茗珠酒店 约460米",129.61203,44.53793,0.0,4
57,57,58,58,58,58,,2017-04-03 01:38:10,0,4,"ACC开,3D定位,天线正常","黑龙江省牡丹江市东安区,距五洲国际商贸博览城 约122米,距福海茗珠酒店 约460米",129.61203,44.53793,0.0,4
58,58,59,59,59,59,,2017-04-03 01:41:26,0,4,"ACC开,3D定位,天线正常","黑龙江省牡丹江市东安区,距五洲国际商贸博览城 约122米,距福海茗珠酒店 约460米",129.61203,44.53793,0.0,4
59,59,60,60,60,60,,2017-04-03 01:44:42,0,4,"ACC开,3D定位,天线正常","黑龙江省牡丹江市东安区,距五洲国际商贸博览城 约122米,距福海茗珠酒店 约460米",129.61203,44.53793,0.0,4
60,60,61,61,61,61,,2017-04-03 01:47:58,0,4,"ACC开,3D定位,天线正常","黑龙江省牡丹江市东安区,距五洲国际商贸博览城 约122米,距福海茗珠酒店 约460米",129.61203,44.53793,0.0,4
61,61,62,62,62,62,,2017-04-03 01:51:15,0,4,"ACC开,3D定位,天线正常","黑龙江省牡丹江市东安区,距五洲国际商贸博览城 约122米,距福海茗珠酒店 约460米",129.61203,44.53793,0.0,4
62,62,63,63,63,63,,2017-04-03 01:54:31,0,4,"ACC开,3D定位,天线正常","黑龙江省牡丹江市东安区,距五洲国际商贸博览城 约122米,距福海茗珠酒店 约460米",129.61203,44.53793,0.0,4
63,63,64,64,64,64,,2017-04-03 01:57:47,0,4,"ACC开,3D定位,天线正常","黑龙江省牡丹江市东安区,距五洲国际商贸博览城 约122米,距福海茗珠酒店 约460米",129.61203,44.53793,0.0,4
64,64,65,65,65,65,,2017-04-03 02:01:03,0,4,"ACC开,3D定位,天线正常","黑龙江省牡丹江市东安区,距五洲国际商贸博览城 约122米,距福海茗珠酒店 约460米",129.61203,44.53793,0.0,4
65,65,66,66,66,66,,2017-04-03 02:04:19,0,4,"ACC开,3D定位,天线正常","黑龙江省牡丹江市东安区,距五洲国际商贸博览城 约122米,距福海茗珠酒店 约460米",129.61203,44.53793,0.0,4
66,66,67,67,67,67,,2017-04-03 02:07:35,0,4,"ACC开,3D定位,天线正常","黑龙江省牡丹江市东安区,距五洲国际商贸博览城 约122米,距福海茗珠酒店 约460米",129.61203,44.53793,0.0,4
67,67,68,68,68,68,,2017-04-03 02:10:52,0,4,"ACC开,3D定位,天线正常","黑龙江省牡丹江市东安区,距五洲国际商贸博览城 约122米,距福海茗珠酒店 约460米",129.61203,44.53793,0.0,4
68,68,69,69,69,69,,2017-04-03 02:14:08,0,4,"ACC开,3D定位,天线正常","黑龙江省牡丹江市东安区,距五洲国际商贸博览城 约122米,距福海茗珠酒店 约460米",129.61203,44.53793,0.0,4
69,69,70,70,70,70,,2017-04-03 02:17:24,0,4,"ACC开,3D定位,天线正常","黑龙江省牡丹江市东安区,距五洲国际商贸博览城 约122米,距福海茗珠酒店 约460米",129.61203,44.53793,0.0,4
70,70,71,71,71,71,,2017-04-03 02:20:41,0,4,"ACC开,3D定位,天线正常","黑龙江省牡丹江市东安区,距五洲国际商贸博览城 约122米,距福海茗珠酒店 约460米",129.61203,44.53793,0.0,4
71,71,72,72,72,72,,2017-04-03 02:23:56,0,4,"ACC开,3D定位,天线正常","黑龙江省牡丹江市东安区,距五洲国际商贸博览城 约122米,距福海茗珠酒店 约460米",129.61203,44.53793,0.0,4
72,72,73,73,73,73,,2017-04-03 02:26:34,0,4,"ACC开,3D定位,天线正常","黑龙江省牡丹江市东安区,距五洲国际商贸博览城 约122米,距福海茗珠酒店 约460米",129.61203,44.53793,0.0,4
73,73,74,74,74,74,,2017-04-03 02:29:50,0,4,"ACC开,3D定位,天线正常","黑龙江省牡丹江市东安区,距五洲国际商贸博览城 约122米,距福海茗珠酒店 约460米",129.61203,44.53793,0.0,4
74,74,75,75,75,75,,2017-04-03 02:33:06,0,4,"ACC开,3D定位,天线正常","黑龙江省牡丹江市东安区,距五洲国际商贸博览城 约122米,距福海茗珠酒店 约460米",129.61203,44.53793,0.0,4
75,75,76,76,76,76,,2017-04-03 02:36:22,0,4,"ACC开,3D定位,天线正常","黑龙江省牡丹江市东安区,距五洲国际商贸博览城 约122米,距福海茗珠酒店 约460米",129.61203,44.53793,0.0,4
76,76,77,77,77,77,,2017-04-03 02:39:37,0,4,"ACC开,3D定位,天线正常","黑龙江省牡丹江市东安区,距五洲国际商贸博览城 约122米,距福海茗珠酒店 约460米",129.61203,44.53793,0.0,4
77,77,78,78,78,78,,2017-04-03 02:42:54,0,4,"ACC开,3D定位,天线正常","黑龙江省牡丹江市东安区,距五洲国际商贸博览城 约122米,距福海茗珠酒店 约460米",129.61203,44.53793,0.0,4
78,78,79,79,79,79,,2017-04-03 02:46:11,0,4,"ACC开,3D定位,天线正常","黑龙江省牡丹江市东安区,距五洲国际商贸博览城 约122米,距福海茗珠酒店 约460米",129.61203,44.53793,0.0,4
79,79,80,80,80,80,,2017-04-03 02:49:27,0,4,"ACC开,3D定位,天线正常","黑龙江省牡丹江市东安区,距五洲国际商贸博览城 约122米,距福海茗珠酒店 约460米",129.61203,44.53793,0.0,4
80,80,81,81,81,81,,2017-04-03 02:52:43,0,4,"ACC开,3D定位,天线正常","黑龙江省牡丹江市东安区,距五洲国际商贸博览城 约122米,距福海茗珠酒店 约460米",129.61203,44.53793,0.0,4
81,81,82,82,82,82,,2017-04-03 02:55:59,0,4,"ACC开,3D定位,天线正常","黑龙江省牡丹江市东安区,距五洲国际商贸博览城 约122米,距福海茗珠酒店 约460米",129.61203,44.53793,0.0,4
82,82,83,83,83,83,,2017-04-03 02:59:14,0,4,"ACC开,3D定位,天线正常","黑龙江省牡丹江市东安区,距五洲国际商贸博览城 约122米,距福海茗珠酒店 约460米",129.61203,44.53793,0.0,4
83,83,84,84,84,84,,2017-04-03 03:02:31,0,4,"ACC开,3D定位,天线正常","黑龙江省牡丹江市东安区,距五洲国际商贸博览城 约122米,距福海茗珠酒店 约460米",129.61203,44.53793,0.0,4
84,84,85,85,85,85,,2017-04-03 03:05:48,0,4,"ACC开,3D定位,天线正常","黑龙江省牡丹江市东安区,距五洲国际商贸博览城 约122米,距福海茗珠酒店 约460米",129.61203,44.53793,0.0,4
85,85,86,86,86,86,,2017-04-03 03:09:04,0,4,"ACC开,3D定位,天线正常","黑龙江省牡丹江市东安区,距五洲国际商贸博览城 约122米,距福海茗珠酒店 约460米",129.61203,44.53793,0.0,4
86,86,87,87,87,87,,2017-04-03 03:12:20,0,4,"ACC开,3D定位,天线正常","黑龙江省牡丹江市东安区,距五洲国际商贸博览城 约122米,距福海茗珠酒店 约460米",129.61203,44.53793,0.0,4
87,87,88,88,88,88,,2017-04-03 03:15:35,0,4,"ACC开,3D定位,天线正常","黑龙江省牡丹江市东安区,距五洲国际商贸博览城 约122米,距福海茗珠酒店 约460米",129.61203,44.53793,0.0,4
88,88,89,89,89,89,,2017-04-03 03:18:52,0,4,"ACC开,3D定位,天线正常","黑龙江省牡丹江市东安区,距五洲国际商贸博览城 约122米,距福海茗珠酒店 约460米",129.61203,44.53793,0.0,4
89,89,90,90,90,90,,2017-04-03 03:22:09,0,4,"ACC开,3D定位,天线正常","黑龙江省牡丹江市东安区,距五洲国际商贸博览城 约122米,距福海茗珠酒店 约460米",129.61203,44.53793,0.0,4
90,90,91,91,91,91,,2017-04-03 03:25:25,0,4,"ACC开,3D定位,天线正常","黑龙江省牡丹江市东安区,距五洲国际商贸博览城 约122米,距福海茗珠酒店 约460米",129.61203,44.53793,0.0,4
91,91,92,92,92,92,,2017-04-03 03:28:41,0,4,"ACC开,3D定位,天线正常","黑龙江省牡丹江市东安区,距五洲国际商贸博览城 约122米,距福海茗珠酒店 约460米",129.61203,44.53793,0.0,4
92,92,93,93,93,93,,2017-04-03 03:31:57,0,4,"ACC开,3D定位,天线正常","黑龙江省牡丹江市东安区,距五洲国际商贸博览城 约122米,距福海茗珠酒店 约460米",129.61203,44.53793,0.0,4
93,93,94,94,94,94,,2017-04-03 03:35:13,0,4,"ACC开,3D定位,天线正常","黑龙江省牡丹江市东安区,距五洲国际商贸博览城 约122米,距福海茗珠酒店 约460米",129.61203,44.53793,0.0,4
94,94,95,95,95,95,,2017-04-03 03:38:30,0,4,"ACC开,3D定位,天线正常","黑龙江省牡丹江市东安区,距五洲国际商贸博览城 约122米,距福海茗珠酒店 约460米",129.61203,44.53793,0.0,4
95,95,96,96,96,96,,2017-04-03 03:41:46,0,4,"ACC开,3D定位,天线正常","黑龙江省牡丹江市东安区,距五洲国际商贸博览城 约122米,距福海茗珠酒店 约460米",129.61203,44.53793,0.0,4
96,96,97,97,97,97,,2017-04-03 03:45:02,0,4,"ACC开,3D定位,天线正常","黑龙江省牡丹江市东安区,距五洲国际商贸博览城 约122米,距福海茗珠酒店 约460米",129.61203,44.53793,0.0,4
97,97,98,98,98,98,,2017-04-03 03:48:18,0,4,"ACC开,3D定位,天线正常","黑龙江省牡丹江市东安区,距五洲国际商贸博览城 约122米,距福海茗珠酒店 约460米",129.61203,44.53793,0.0,4
98,98,99,99,99,99,,2017-04-03 03:51:33,0,4,"ACC开,3D定位,天线正常","黑龙江省牡丹江市东安区,距五洲国际商贸博览城 约122米,距福海茗珠酒店 约460米",129.61203,44.53793,0.0,4
99,99,100,100,100,100,,2017-04-03 03:54:50,0,4,"ACC开,3D定位,天线正常","黑龙江省牡丹江市东安区,距五洲国际商贸博览城 约122米,距福海茗珠酒店 约460米",129.61203,44.53793,0.0,4
100,100,101,101,101,101,,2017-04-03 03:58:07,0,4,"ACC开,3D定位,天线正常","黑龙江省牡丹江市东安区,距五洲国际商贸博览城 约122米,距福海茗珠酒店 约460米",129.61203,44.53793,0.0,4
101,101,102,102,102,102,,2017-04-03 04:01:23,0,4,"ACC开,3D定位,天线正常","黑龙江省牡丹江市东安区,距五洲国际商贸博览城 约122米,距福海茗珠酒店 约460米",129.61203,44.53793,0.0,4
102,102,103,103,103,103,,2017-04-03 04:04:39,0,4,"ACC开,3D定位,天线正常","黑龙江省牡丹江市东安区,距五洲国际商贸博览城 约122米,距福海茗珠酒店 约460米",129.61203,44.53793,0.0,4
103,103,104,104,104,104,,2017-04-03 04:07:54,0,4,"ACC开,3D定位,天线正常","黑龙江省牡丹江市东安区,距五洲国际商贸博览城 约122米,距福海茗珠酒店 约460米",129.61203,44.53793,0.0,4
104,104,105,105,105,105,,2017-04-03 04:11:11,0,4,"ACC开,3D定位,天线正常","黑龙江省牡丹江市东安区,距五洲国际商贸博览城 约122米,距福海茗珠酒店 约460米",129.61203,44.53793,0.0,4
105,105,106,106,106,106,,2017-04-03 04:14:28,0,4,"ACC开,3D定位,天线正常","黑龙江省牡丹江市东安区,距五洲国际商贸博览城 约122米,距福海茗珠酒店 约460米",129.61203,44.53793,0.0,4
106,106,107,107,107,107,,2017-04-03 04:17:44,0,4,"ACC开,3D定位,天线正常","黑龙江省牡丹江市东安区,距五洲国际商贸博览城 约122米,距福海茗珠酒店 约460米",129.61203,44.53793,0.0,4
107,107,108,108,108,108,,2017-04-03 04:21:00,0,4,"ACC开,3D定位,天线正常","黑龙江省牡丹江市东安区,距五洲国际商贸博览城 约122米,距福海茗珠酒店 约460米",129.61203,44.53793,0.0,4
108,108,109,109,109,109,,2017-04-03 04:24:16,0,4,"ACC开,3D定位,天线正常","黑龙江省牡丹江市东安区,距五洲国际商贸博览城 约122米,距福海茗珠酒店 约460米",129.61203,44.53793,0.0,4
109,109,110,110,110,110,,2017-04-03 04:27:32,0,4,"ACC开,3D定位,天线正常","黑龙江省牡丹江市东安区,距五洲国际商贸博览城 约122米,距福海茗珠酒店 约460米",129.61203,44.53793,0.0,4
110,110,111,111,111,111,,2017-04-03 04:30:49,0,4,"ACC开,3D定位,天线正常","黑龙江省牡丹江市东安区,距五洲国际商贸博览城 约122米,距福海茗珠酒店 约460米",129.61203,44.53793,0.0,4
111,111,112,112,112,112,,2017-04-03 04:34:05,0,4,"ACC开,3D定位,天线正常","黑龙江省牡丹江市东安区,距五洲国际商贸博览城 约122米,距福海茗珠酒店 约460米",129.61203,44.53793,0.0,4
112,112,113,113,113,113,,2017-04-03 04:37:21,0,4,"ACC开,3D定位,天线正常","黑龙江省牡丹江市东安区,距五洲国际商贸博览城 约122米,距福海茗珠酒店 约460米",129.61203,44.53793,0.0,4
113,113,114,114,114,114,,2017-04-03 04:40:37,0,4,"ACC开,3D定位,天线正常","黑龙江省牡丹江市东安区,距五洲国际商贸博览城 约122米,距福海茗珠酒店 约460米",129.61203,44.53793,0.0,4
114,114,115,115,115,115,,2017-04-03 04:43:52,0,4,"ACC开,3D定位,天线正常","黑龙江省牡丹江市东安区,距五洲国际商贸博览城 约122米,距福海茗珠酒店 约460米",129.61203,44.53793,0.0,4
115,115,116,116,116,116,,2017-04-03 04:47:09,0,4,"ACC开,3D定位,天线正常","黑龙江省牡丹江市东安区,距五洲国际商贸博览城 约122米,距福海茗珠酒店 约460米",129.61203,44.53793,0.0,4
116,116,117,117,117,117,,2017-04-03 04:50:26,0,4,"ACC开,3D定位,天线正常","黑龙江省牡丹江市东安区,距五洲国际商贸博览城 约122米,距福海茗珠酒店 约460米",129.61203,44.53793,0.0,4
117,117,118,118,118,118,,2017-04-03 04:53:42,0,4,"ACC开,3D定位,天线正常","黑龙江省牡丹江市东安区,距五洲国际商贸博览城 约122米,距福海茗珠酒店 约460米",129.61203,44.53793,0.0,4
118,118,119,119,119,119,,2017-04-03 04:56:58,0,4,"ACC开,3D定位,天线正常","黑龙江省牡丹江市东安区,距五洲国际商贸博览城 约122米,距福海茗珠酒店 约460米",129.61203,44.53793,0.0,4
119,119,120,120,120,120,,2017-04-03 05:00:14,0,4,"ACC开,3D定位,天线正常","黑龙江省牡丹江市东安区,距五洲国际商贸博览城 约122米,距福海茗珠酒店 约460米",129.61203,44.53793,0.0,4
120,120,121,121,121,121,,2017-04-03 05:03:30,0,4,"ACC开,3D定位,天线正常","黑龙江省牡丹江市东安区,距五洲国际商贸博览城 约122米,距福海茗珠酒店 约460米",129.61203,44.53793,0.0,4
121,121,122,122,122,122,,2017-04-03 05:06:47,0,4,"ACC开,3D定位,天线正常","黑龙江省牡丹江市东安区,距五洲国际商贸博览城 约122米,距福海茗珠酒店 约460米",129.61203,44.53793,0.0,4
122,122,123,123,123,123,,2017-04-03 05:10:03,0,4,"ACC开,3D定位,天线正常","黑龙江省牡丹江市东安区,距五洲国际商贸博览城 约122米,距福海茗珠酒店 约460米",129.61203,44.53793,0.0,4
123,123,124,124,124,124,,2017-04-03 05:13:19,0,4,"ACC开,3D定位,天线正常","黑龙江省牡丹江市东安区,距五洲国际商贸博览城 约122米,距福海茗珠酒店 约460米",129.61203,44.53793,0.0,4
124,124,125,125,125,125,,2017-04-03 05:16:35,0,4,"ACC开,3D定位,天线正常","黑龙江省牡丹江市东安区,距五洲国际商贸博览城 约122米,距福海茗珠酒店 约460米",129.61203,44.53793,0.0,4
125,125,126,126,126,126,,2017-04-03 05:19:50,0,4,"ACC开,3D定位,天线正常","黑龙江省牡丹江市东安区,距五洲国际商贸博览城 约122米,距福海茗珠酒店 约460米",129.61203,44.53793,0.0,4
126,126,127,127,127,127,,2017-04-03 05:23:07,0,4,"ACC开,3D定位,天线正常","黑龙江省牡丹江市东安区,距五洲国际商贸博览城 约122米,距福海茗珠酒店 约460米",129.61203,44.53793,0.0,4
127,127,128,128,128,128,,2017-04-03 05:26:24,0,4,"ACC开,3D定位,天线正常","黑龙江省牡丹江市东安区,距五洲国际商贸博览城 约122米,距福海茗珠酒店 约460米",129.61203,44.53793,0.0,4
128,128,129,129,129,129,,2017-04-03 05:29:40,0,4,"ACC开,3D定位,天线正常","黑龙江省牡丹江市东安区,距五洲国际商贸博览城 约122米,距福海茗珠酒店 约460米",129.61203,44.53793,0.0,4
129,129,130,130,130,130,,2017-04-03 05:32:56,0,4,"ACC开,3D定位,天线正常","黑龙江省牡丹江市东安区,距五洲国际商贸博览城 约122米,距福海茗珠酒店 约460米",129.61203,44.53793,0.0,4
130,130,131,131,131,131,,2017-04-03 05:36:11,0,4,"ACC开,3D定位,天线正常","黑龙江省牡丹江市东安区,距五洲国际商贸博览城 约122米,距福海茗珠酒店 约460米",129.61203,44.53793,0.0,4
131,131,132,132,132,132,,2017-04-03 05:39:28,0,4,"ACC开,3D定位,天线正常","黑龙江省牡丹江市东安区,距五洲国际商贸博览城 约122米,距福海茗珠酒店 约460米",129.61203,44.53793,0.0,4
132,132,133,133,133,133,,2017-04-03 05:42:45,0,4,"ACC开,3D定位,天线正常","黑龙江省牡丹江市东安区,距五洲国际商贸博览城 约122米,距福海茗珠酒店 约460米",129.61203,44.53793,0.0,4
133,133,134,134,134,134,,2017-04-03 05:46:01,0,4,"ACC开,3D定位,天线正常","黑龙江省牡丹江市东安区,距五洲国际商贸博览城 约122米,距福海茗珠酒店 约460米",129.61203,44.53793,0.0,4
134,134,135,135,135,135,,2017-04-03 05:49:17,0,4,"ACC开,3D定位,天线正常","黑龙江省牡丹江市东安区,距五洲国际商贸博览城 约122米,距福海茗珠酒店 约460米",129.61203,44.53793,0.0,4
135,135,136,136,136,136,,2017-04-03 05:52:33,0,4,"ACC开,3D定位,天线正常","黑龙江省牡丹江市东安区,距五洲国际商贸博览城 约122米,距福海茗珠酒店 约460米",129.61203,44.53793,0.0,4
136,136,137,137,137,137,,2017-04-03 05:55:49,0,4,"ACC开,3D定位,天线正常","黑龙江省牡丹江市东安区,距五洲国际商贸博览城 约122米,距福海茗珠酒店 约460米",129.61203,44.53793,0.0,4
137,137,138,138,138,138,,2017-04-03 05:59:06,0,4,"ACC开,3D定位,天线正常","黑龙江省牡丹江市东安区,距五洲国际商贸博览城 约122米,距福海茗珠酒店 约460米",129.61203,44.53793,0.0,4
138,138,139,139,139,139,,2017-04-03 06:02:22,0,4,"ACC开,3D定位,天线正常","黑龙江省牡丹江市东安区,距五洲国际商贸博览城 约122米,距福海茗珠酒店 约460米",129.61203,44.53793,0.0,4
139,139,140,140,140,140,,2017-04-03 06:05:38,0,4,"ACC开,3D定位,天线正常","黑龙江省牡丹江市东安区,距五洲国际商贸博览城 约122米,距福海茗珠酒店 约460米",129.61203,44.53793,0.0,4
140,140,141,141,141,141,,2017-04-03 06:08:54,0,4,"ACC开,3D定位,天线正常","黑龙江省牡丹江市东安区,距五洲国际商贸博览城 约122米,距福海茗珠酒店 约460米",129.61203,44.53793,0.0,4
141,141,142,142,142,142,,2017-04-03 06:12:09,0,4,"ACC开,3D定位,天线正常","黑龙江省牡丹江市东安区,距五洲国际商贸博览城 约122米,距福海茗珠酒店 约460米",129.61203,44.53793,0.0,4
142,142,143,143,143,143,,2017-04-03 06:15:26,0,4,"ACC开,3D定位,天线正常","黑龙江省牡丹江市东安区,距五洲国际商贸博览城 约122米,距福海茗珠酒店 约460米",129.61203,44.53793,0.0,4
143,143,144,144,144,144,,2017-04-03 06:18:43,0,4,"ACC开,3D定位,天线正常","黑龙江省牡丹江市东安区,距五洲国际商贸博览城 约122米,距福海茗珠酒店 约460米",129.61203,44.53793,0.0,4
144,144,145,145,145,145,,2017-04-03 06:19:40,0,4,"ACC开,3D定位,天线正常","黑龙江省牡丹江市东安区,距五洲国际商贸博览城 约122米,距福海茗珠酒店 约460米",129.61203,44.53793,0.0,4
145,145,146,146,146,146,,2017-04-03 06:20:28,0,4,"ACC开,3D定位,天线正常","黑龙江省牡丹江市东安区,距五洲国际商贸博览城 约122米,距福海茗珠酒店 约460米",129.61203,44.53793,0.0,4
146,146,147,147,147,147,,2017-04-03 06:21:16,0,4,"ACC开,3D定位,天线正常","黑龙江省牡丹江市东安区,距五洲国际商贸博览城 约122米,距福海茗珠酒店 约460米",129.61203,44.53793,0.0,4
147,147,148,148,148,148,,2017-04-03 06:22:04,0,4,"ACC开,3D定位,天线正常","黑龙江省牡丹江市东安区,距五洲国际商贸博览城 约122米,距福海茗珠酒店 约460米",129.61203,44.53793,0.0,4
148,148,149,149,149,149,,2017-04-03 06:22:59,0,4,"ACC开,3D定位,天线正常","黑龙江省牡丹江市东安区,距五洲国际商贸博览城 约122米,距福海茗珠酒店 约460米",129.61203,44.53793,0.0,4
149,149,150,150,150,150,,2017-04-03 06:23:47,0,4,"ACC开,3D定位,天线正常","黑龙江省牡丹江市东安区,距五洲国际商贸博览城 约122米,距福海茗珠酒店 约460米",129.61203,44.53793,0.0,4
150,150,151,151,151,151,,2017-04-03 06:24:35,0,4,"ACC开,3D定位,天线正常","黑龙江省牡丹江市东安区,距五洲国际商贸博览城 约122米,距福海茗珠酒店 约460米",129.61203,44.53793,0.0,4
151,151,152,152,152,152,,2017-04-03 06:25:23,0,4,"ACC开,3D定位,天线正常","黑龙江省牡丹江市东安区,距五洲国际商贸博览城 约122米,距福海茗珠酒店 约460米",129.61203,44.53793,0.0,4
152,152,153,153,153,153,,2017-04-03 06:28:38,0,4,"ACC开,3D定位,天线正常","黑龙江省牡丹江市东安区,距五洲国际商贸博览城 约122米,距福海茗珠酒店 约460米",129.61203,44.53793,0.0,4
153,153,154,154,154,154,,2017-04-03 06:31:55,0,4,"ACC开,3D定位,天线正常","黑龙江省牡丹江市东安区,距五洲国际商贸博览城 约122米,距福海茗珠酒店 约460米",129.61203,44.53793,0.0,4
154,154,155,155,155,155,,2017-04-03 06:35:12,0,4,"ACC开,3D定位,天线正常","黑龙江省牡丹江市东安区,距五洲国际商贸博览城 约122米,距福海茗珠酒店 约460米",129.61203,44.53793,0.0,4
155,155,156,156,156,156,,2017-04-03 06:38:28,0,4,"ACC开,3D定位,天线正常","黑龙江省牡丹江市东安区,距五洲国际商贸博览城 约122米,距福海茗珠酒店 约460米",129.61203,44.53793,0.0,4
156,156,157,157,157,157,,2017-04-03 06:41:44,0,4,"ACC开,3D定位,天线正常","黑龙江省牡丹江市东安区,距五洲国际商贸博览城 约122米,距福海茗珠酒店 约460米",129.61203,44.53793,0.0,4
157,157,158,158,158,158,,2017-04-03 06:45:00,0,4,"ACC开,3D定位,天线正常","黑龙江省牡丹江市东安区,距五洲国际商贸博览城 约122米,距福海茗珠酒店 约460米",129.61203,44.53793,0.0,4
158,158,159,159,159,159,,2017-04-03 06:48:16,0,4,"ACC开,3D定位,天线正常","黑龙江省牡丹江市东安区,距五洲国际商贸博览城 约122米,距福海茗珠酒店 约460米",129.61203,44.53793,0.0,4
159,159,160,160,160,160,,2017-04-03 06:51:33,0,4,"ACC开,3D定位,天线正常","黑龙江省牡丹江市东安区,距五洲国际商贸博览城 约122米,距福海茗珠酒店 约460米",129.61203,44.53793,0.0,4
160,160,161,161,161,161,,2017-04-03 06:54:49,0,4,"ACC开,3D定位,天线正常","黑龙江省牡丹江市东安区,距五洲国际商贸博览城 约122米,距福海茗珠酒店 约460米",129.61203,44.53793,0.0,4
161,161,162,162,162,162,,2017-04-03 06:58:05,0,4,"ACC开,3D定位,天线正常","黑龙江省牡丹江市东安区,距五洲国际商贸博览城 约122米,距福海茗珠酒店 约460米",129.61203,44.53793,0.0,4
162,162,163,163,163,163,,2017-04-03 07:01:21,0,4,"ACC开,3D定位,天线正常","黑龙江省牡丹江市东安区,距五洲国际商贸博览城 约122米,距福海茗珠酒店 约460米",129.61203,44.53793,0.0,4
163,163,164,164,164,164,,2017-04-03 07:02:15,0,4,"ACC开,3D定位,天线正常","黑龙江省牡丹江市东安区,距五洲国际商贸博览城 约122米,距福海茗珠酒店 约460米",129.61203,44.53793,0.0,4
164,164,165,165,165,165,,2017-04-03 07:05:46,0,4,"ACC开,3D定位,天线正常","黑龙江省牡丹江市东安区,距五洲国际商贸博览城 约122米,距福海茗珠酒店 约460米",129.61203,44.53793,0.0,4
165,165,166,166,166,166,,2017-04-03 07:09:04,0,4,"ACC开,3D定位,天线正常","黑龙江省牡丹江市东安区,距五洲国际商贸博览城 约122米,距福海茗珠酒店 约460米",129.61203,44.53793,0.0,4
166,166,167,167,167,167,,2017-04-03 07:12:20,0,4,"ACC开,3D定位,天线正常","黑龙江省牡丹江市东安区,距五洲国际商贸博览城 约122米,距福海茗珠酒店 约460米",129.61203,44.53793,0.0,4
167,167,168,168,168,168,,2017-04-03 07:15:36,0,4,"ACC开,3D定位,天线正常","黑龙江省牡丹江市东安区,距五洲国际商贸博览城 约122米,距福海茗珠酒店 约460米",129.61203,44.53793,0.0,4
168,168,169,169,169,169,,2017-04-03 07:18:52,0,4,"ACC开,3D定位,天线正常","黑龙江省牡丹江市东安区,距五洲国际商贸博览城 约122米,距福海茗珠酒店 约460米",129.61203,44.53793,0.0,4
169,169,170,170,170,170,,2017-04-03 07:22:07,0,4,"ACC开,3D定位,天线正常","黑龙江省牡丹江市东安区,距五洲国际商贸博览城 约122米,距福海茗珠酒店 约460米",129.61203,44.53793,0.0,4
170,170,171,171,171,171,,2017-04-03 07:25:24,0,4,"ACC开,3D定位,天线正常","黑龙江省牡丹江市东安区,距五洲国际商贸博览城 约122米,距福海茗珠酒店 约460米",129.61203,44.53793,0.0,4
171,171,172,172,172,172,,2017-04-03 07:28:41,0,4,"ACC开,3D定位,天线正常","黑龙江省牡丹江市东安区,距五洲国际商贸博览城 约122米,距福海茗珠酒店 约460米",129.61203,44.53793,0.0,4
172,172,173,173,173,173,,2017-04-03 07:31:57,0,4,"ACC开,3D定位,天线正常","黑龙江省牡丹江市东安区,距五洲国际商贸博览城 约122米,距福海茗珠酒店 约460米",129.61203,44.53793,0.0,4
173,173,174,174,174,174,,2017-04-03 07:35:13,0,4,"ACC开,3D定位,天线正常","黑龙江省牡丹江市东安区,距五洲国际商贸博览城 约122米,距福海茗珠酒店 约460米",129.61203,44.53793,0.0,4
174,174,175,175,175,175,,2017-04-03 07:38:29,0,4,"ACC开,3D定位,天线正常","黑龙江省牡丹江市东安区,距五洲国际商贸博览城 约122米,距福海茗珠酒店 约460米",129.61203,44.53793,0.0,4
175,175,176,176,176,176,,2017-04-03 07:41:45,0,4,"ACC开,3D定位,天线正常","黑龙江省牡丹江市东安区,距五洲国际商贸博览城 约122米,距福海茗珠酒店 约460米",129.61203,44.53793,0.0,4
176,176,177,177,177,177,,2017-04-03 07:45:01,0,4,"ACC开,3D定位,天线正常","黑龙江省牡丹江市东安区,距五洲国际商贸博览城 约122米,距福海茗珠酒店 约460米",129.61203,44.53793,0.0,4
177,177,178,178,178,178,,2017-04-03 07:48:18,0,4,"ACC开,3D定位,天线正常","黑龙江省牡丹江市东安区,距五洲国际商贸博览城 约122米,距福海茗珠酒店 约460米",129.61203,44.53793,0.0,4
178,178,179,179,179,179,,2017-04-03 07:51:34,0,4,"ACC开,3D定位,天线正常","黑龙江省牡丹江市东安区,距五洲国际商贸博览城 约122米,距福海茗珠酒店 约460米",129.61203,44.53793,0.0,4
179,179,180,180,180,180,,2017-04-03 07:54:50,0,4,"ACC开,3D定位,天线正常","黑龙江省牡丹江市东安区,距五洲国际商贸博览城 约122米,距福海茗珠酒店 约460米",129.61203,44.53793,0.0,4
180,180,181,181,181,181,,2017-04-03 07:58:05,0,4,"ACC开,3D定位,天线正常","黑龙江省牡丹江市东安区,距五洲国际商贸博览城 约122米,距福海茗珠酒店 约460米",129.61203,44.53793,0.0,4
181,181,182,182,182,182,,2017-04-03 08:01:22,0,4,"ACC开,3D定位,天线正常","黑龙江省牡丹江市东安区,距五洲国际商贸博览城 约122米,距福海茗珠酒店 约460米",129.61203,44.53793,0.0,4
182,182,183,183,183,183,,2017-04-03 08:04:39,0,4,"ACC开,3D定位,天线正常","黑龙江省牡丹江市东安区,距五洲国际商贸博览城 约122米,距福海茗珠酒店 约460米",129.61203,44.53793,0.0,4
183,183,184,184,184,184,,2017-04-03 08:07:55,0,4,"ACC开,3D定位,天线正常","黑龙江省牡丹江市东安区,距五洲国际商贸博览城 约122米,距福海茗珠酒店 约460米",129.61203,44.53793,0.0,4
184,184,185,185,185,185,,2017-04-03 08:11:11,0,4,"ACC开,3D定位,天线正常","黑龙江省牡丹江市东安区,距五洲国际商贸博览城 约122米,距福海茗珠酒店 约460米",129.61203,44.53793,0.0,4
185,185,186,186,186,186,,2017-04-03 08:14:26,0,4,"ACC开,3D定位,天线正常","黑龙江省牡丹江市东安区,距五洲国际商贸博览城 约122米,距福海茗珠酒店 约460米",129.61203,44.53793,0.0,4
186,186,187,187,187,187,,2017-04-03 08:17:43,0,4,"ACC开,3D定位,天线正常","黑龙江省牡丹江市东安区,距五洲国际商贸博览城 约122米,距福海茗珠酒店 约460米",129.61203,44.53793,0.0,4
187,187,188,188,188,188,,2017-04-03 08:21:00,0,4,"ACC开,3D定位,天线正常","黑龙江省牡丹江市东安区,距五洲国际商贸博览城 约122米,距福海茗珠酒店 约460米",129.61203,44.53793,0.0,4
188,188,189,189,189,189,,2017-04-03 08:24:16,0,4,"ACC开,3D定位,天线正常","黑龙江省牡丹江市东安区,距五洲国际商贸博览城 约122米,距福海茗珠酒店 约460米",129.61203,44.53793,0.0,4
189,189,190,190,190,190,,2017-04-03 08:27:32,0,4,"ACC开,3D定位,天线正常","黑龙江省牡丹江市东安区,距五洲国际商贸博览城 约122米,距福海茗珠酒店 约460米",129.61203,44.53793,0.0,4
190,190,191,191,191,191,,2017-04-03 08:30:48,0,4,"ACC开,3D定位,天线正常","黑龙江省牡丹江市东安区,距五洲国际商贸博览城 约122米,距福海茗珠酒店 约460米",129.61203,44.53793,0.0,4
191,191,192,192,192,192,,2017-04-03 08:34:04,0,4,"ACC开,3D定位,天线正常","黑龙江省牡丹江市东安区,距五洲国际商贸博览城 约122米,距福海茗珠酒店 约460米",129.61203,44.53793,0.0,4
192,192,193,193,193,193,,2017-04-03 08:37:21,0,4,"ACC开,3D定位,天线正常","黑龙江省牡丹江市东安区,距五洲国际商贸博览城 约122米,距福海茗珠酒店 约460米",129.61203,44.53793,0.0,4
193,193,194,194,194,194,,2017-04-03 08:40:37,0,4,"ACC开,3D定位,天线正常","黑龙江省牡丹江市东安区,距五洲国际商贸博览城 约122米,距福海茗珠酒店 约460米",129.61203,44.53793,0.0,4
194,194,195,195,195,195,,2017-04-03 08:43:53,0,4,"ACC开,3D定位,天线正常","黑龙江省牡丹江市东安区,距五洲国际商贸博览城 约122米,距福海茗珠酒店 约460米",129.61203,44.53793,0.0,4
195,195,196,196,196,196,,2017-04-03 08:47:09,0,4,"ACC开,3D定位,天线正常","黑龙江省牡丹江市东安区,距五洲国际商贸博览城 约122米,距福海茗珠酒店 约460米",129.61203,44.53793,0.0,4
196,196,197,197,197,197,,2017-04-03 08:50:24,0,4,"ACC开,3D定位,天线正常","黑龙江省牡丹江市东安区,距五洲国际商贸博览城 约122米,距福海茗珠酒店 约460米",129.61203,44.53793,0.0,4
197,197,198,198,198,198,,2017-04-03 08:53:41,0,4,"ACC开,3D定位,天线正常","黑龙江省牡丹江市东安区,距五洲国际商贸博览城 约122米,距福海茗珠酒店 约460米",129.61203,44.53793,0.0,4
198,198,199,199,199,199,,2017-04-03 08:56:58,0,4,"ACC开,3D定位,天线正常","黑龙江省牡丹江市东安区,距五洲国际商贸博览城 约122米,距福海茗珠酒店 约460米",129.61203,44.53793,0.0,4
199,199,200,200,200,200,,2017-04-03 09:00:14,0,4,"ACC开,3D定位,天线正常","黑龙江省牡丹江市东安区,距五洲国际商贸博览城 约122米,距福海茗珠酒店 约460米",129.61203,44.53793,0.0,4
200,200,201,201,201,201,,2017-04-03 09:03:30,0,4,"ACC开,3D定位,天线正常","黑龙江省牡丹江市东安区,距五洲国际商贸博览城 约122米,距福海茗珠酒店 约460米",129.61203,44.53793,0.0,4
201,201,202,202,202,202,,2017-04-03 09:06:46,0,4,"ACC开,3D定位,天线正常","黑龙江省牡丹江市东安区,距五洲国际商贸博览城 约122米,距福海茗珠酒店 约460米",129.61203,44.53793,0.0,4
202,202,203,203,203,203,,2017-04-03 09:10:02,0,4,"ACC开,3D定位,天线正常","黑龙江省牡丹江市东安区,距五洲国际商贸博览城 约122米,距福海茗珠酒店 约460米",129.61203,44.53793,0.0,4
203,203,204,204,204,204,,2017-04-03 09:13:19,0,4,"ACC开,3D定位,天线正常","黑龙江省牡丹江市东安区,距五洲国际商贸博览城 约122米,距福海茗珠酒店 约460米",129.61203,44.53793,0.0,4
204,204,205,205,205,205,,2017-04-03 09:16:35,0,4,"ACC开,3D定位,天线正常","黑龙江省牡丹江市东安区,距五洲国际商贸博览城 约122米,距福海茗珠酒店 约460米",129.61203,44.53793,0.0,4
205,205,206,206,206,206,,2017-04-03 09:19:51,0,4,"ACC开,3D定位,天线正常","黑龙江省牡丹江市东安区,距五洲国际商贸博览城 约122米,距福海茗珠酒店 约460米",129.61203,44.53793,0.0,4
206,206,207,207,207,207,,2017-04-03 09:23:07,0,4,"ACC开,3D定位,天线正常","黑龙江省牡丹江市东安区,距五洲国际商贸博览城 约122米,距福海茗珠酒店 约460米",129.61203,44.53793,0.0,4
207,207,208,208,208,208,,2017-04-03 09:26:22,0,4,"ACC开,3D定位,天线正常","黑龙江省牡丹江市东安区,距五洲国际商贸博览城 约122米,距福海茗珠酒店 约460米",129.61203,44.53793,0.0,4
208,208,209,209,209,209,,2017-04-03 09:29:39,0,4,"ACC开,3D定位,天线正常","黑龙江省牡丹江市东安区,距五洲国际商贸博览城 约122米,距福海茗珠酒店 约460米",129.61203,44.53793,0.0,4
209,209,210,210,210,210,,2017-04-03 09:32:56,0,4,"ACC开,3D定位,天线正常","黑龙江省牡丹江市东安区,距五洲国际商贸博览城 约122米,距福海茗珠酒店 约460米",129.61203,44.53793,0.0,4
210,210,211,211,211,211,,2017-04-03 09:36:12,0,4,"ACC开,3D定位,天线正常","黑龙江省牡丹江市东安区,距五洲国际商贸博览城 约122米,距福海茗珠酒店 约460米",129.61203,44.53793,0.0,4
211,211,212,212,212,212,,2017-04-03 09:39:28,0,4,"ACC开,3D定位,天线正常","黑龙江省牡丹江市东安区,距五洲国际商贸博览城 约122米,距福海茗珠酒店 约460米",129.61203,44.53793,0.0,4
212,212,213,213,213,213,,2017-04-03 09:42:43,0,4,"ACC开,3D定位,天线正常","黑龙江省牡丹江市东安区,距五洲国际商贸博览城 约122米,距福海茗珠酒店 约460米",129.61203,44.53793,0.0,4
213,213,214,214,214,214,,2017-04-03 09:46:00,0,4,"ACC开,3D定位,天线正常","黑龙江省牡丹江市东安区,距五洲国际商贸博览城 约122米,距福海茗珠酒店 约460米",129.61203,44.53793,0.0,4
214,214,215,215,215,215,,2017-04-03 09:49:17,0,4,"ACC开,3D定位,天线正常","黑龙江省牡丹江市东安区,距五洲国际商贸博览城 约122米,距福海茗珠酒店 约460米",129.61203,44.53793,0.0,4
215,215,216,216,216,216,,2017-04-03 09:52:33,0,4,"ACC开,3D定位,天线正常","黑龙江省牡丹江市东安区,距五洲国际商贸博览城 约122米,距福海茗珠酒店 约460米",129.61203,44.53793,0.0,4
216,216,217,217,217,217,,2017-04-03 09:55:49,0,4,"ACC开,3D定位,天线正常","黑龙江省牡丹江市东安区,距五洲国际商贸博览城 约122米,距福海茗珠酒店 约460米",129.61203,44.53793,0.0,4
217,217,218,218,218,218,,2017-04-03 09:59:05,0,4,"ACC开,3D定位,天线正常","黑龙江省牡丹江市东安区,距五洲国际商贸博览城 约122米,距福海茗珠酒店 约460米",129.61203,44.53793,0.0,4
218,218,219,219,219,219,,2017-04-03 10:02:21,0,4,"ACC开,3D定位,天线正常","黑龙江省牡丹江市东安区,距五洲国际商贸博览城 约122米,距福海茗珠酒店 约460米",129.61203,44.53793,0.0,4
219,219,220,220,220,220,,2017-04-03 10:05:38,0,4,"ACC开,3D定位,天线正常","黑龙江省牡丹江市东安区,距五洲国际商贸博览城 约122米,距福海茗珠酒店 约460米",129.61203,44.53793,0.0,4
220,220,221,221,221,221,,2017-04-03 10:08:54,0,4,"ACC开,3D定位,天线正常","黑龙江省牡丹江市东安区,距五洲国际商贸博览城 约122米,距福海茗珠酒店 约460米",129.61203,44.53793,0.0,4
221,221,222,222,222,222,,2017-04-03 10:12:10,0,4,"ACC开,3D定位,天线正常","黑龙江省牡丹江市东安区,距五洲国际商贸博览城 约122米,距福海茗珠酒店 约460米",129.61203,44.53793,0.0,4
222,222,223,223,223,223,,2017-04-03 10:15:26,0,4,"ACC开,3D定位,天线正常","黑龙江省牡丹江市东安区,距五洲国际商贸博览城 约122米,距福海茗珠酒店 约460米",129.61203,44.53793,0.0,4
223,223,224,224,224,224,,2017-04-03 10:18:41,0,4,"ACC开,3D定位,天线正常","黑龙江省牡丹江市东安区,距五洲国际商贸博览城 约122米,距福海茗珠酒店 约460米",129.61203,44.53793,0.0,4
224,224,225,225,225,225,,2017-04-03 10:21:58,0,4,"ACC开,3D定位,天线正常","黑龙江省牡丹江市东安区,距五洲国际商贸博览城 约122米,距福海茗珠酒店 约460米",129.61203,44.53793,0.0,4
225,225,226,226,226,226,,2017-04-03 10:25:15,0,4,"ACC开,3D定位,天线正常","黑龙江省牡丹江市东安区,距五洲国际商贸博览城 约122米,距福海茗珠酒店 约460米",129.61203,44.53793,0.0,4
226,226,227,227,227,227,,2017-04-03 10:28:31,0,4,"ACC开,3D定位,天线正常","黑龙江省牡丹江市东安区,距五洲国际商贸博览城 约122米,距福海茗珠酒店 约460米",129.61203,44.53793,0.0,4
227,227,228,228,228,228,,2017-04-03 10:31:47,0,4,"ACC开,3D定位,天线正常","黑龙江省牡丹江市东安区,距五洲国际商贸博览城 约122米,距福海茗珠酒店 约460米",129.61203,44.53793,0.0,4
228,228,229,229,229,229,,2017-04-03 10:35:03,0,4,"ACC开,3D定位,天线正常","黑龙江省牡丹江市东安区,距五洲国际商贸博览城 约122米,距福海茗珠酒店 约460米",129.61203,44.53793,0.0,4
229,229,230,230,230,230,,2017-04-03 10:38:19,0,4,"ACC开,3D定位,天线正常","黑龙江省牡丹江市东安区,距五洲国际商贸博览城 约122米,距福海茗珠酒店 约460米",129.61203,44.53793,0.0,4
230,230,231,231,231,231,,2017-04-03 10:41:36,0,4,"ACC开,3D定位,天线正常","黑龙江省牡丹江市东安区,距五洲国际商贸博览城 约122米,距福海茗珠酒店 约460米",129.61203,44.53793,0.0,4
231,231,232,232,232,232,,2017-04-03 10:44:52,0,4,"ACC开,3D定位,天线正常","黑龙江省牡丹江市东安区,距五洲国际商贸博览城 约122米,距福海茗珠酒店 约460米",129.61203,44.53793,0.0,4
232,232,233,233,233,233,,2017-04-03 10:48:08,0,4,"ACC开,3D定位,天线正常","黑龙江省牡丹江市东安区,距五洲国际商贸博览城 约122米,距福海茗珠酒店 约460米",129.61203,44.53793,0.0,4
233,233,234,234,234,234,,2017-04-03 10:51:24,0,4,"ACC开,3D定位,天线正常","黑龙江省牡丹江市东安区,距五洲国际商贸博览城 约122米,距福海茗珠酒店 约460米",129.61203,44.53793,0.0,4
234,234,235,235,235,235,,2017-04-03 10:54:40,0,4,"ACC开,3D定位,天线正常","黑龙江省牡丹江市东安区,距五洲国际商贸博览城 约122米,距福海茗珠酒店 约460米",129.61203,44.53793,0.0,4
235,235,236,236,236,236,,2017-04-03 10:57:57,0,4,"ACC开,3D定位,天线正常","黑龙江省牡丹江市东安区,距五洲国际商贸博览城 约122米,距福海茗珠酒店 约460米",129.61203,44.53793,0.0,4
236,236,237,237,237,237,,2017-04-03 11:01:13,0,4,"ACC开,3D定位,天线正常","黑龙江省牡丹江市东安区,距五洲国际商贸博览城 约122米,距福海茗珠酒店 约460米",129.61203,44.53793,0.0,4
237,237,238,238,238,238,,2017-04-03 11:04:29,0,4,"ACC开,3D定位,天线正常","黑龙江省牡丹江市东安区,距五洲国际商贸博览城 约122米,距福海茗珠酒店 约460米",129.61203,44.53793,0.0,4
238,238,239,239,239,239,,2017-04-03 11:07:45,0,4,"ACC开,3D定位,天线正常","黑龙江省牡丹江市东安区,距五洲国际商贸博览城 约122米,距福海茗珠酒店 约460米",129.61203,44.53793,0.0,4
239,239,240,240,240,240,,2017-04-03 11:11:00,0,4,"ACC开,3D定位,天线正常","黑龙江省牡丹江市东安区,距五洲国际商贸博览城 约122米,距福海茗珠酒店 约460米",129.61203,44.53793,0.0,4
240,240,241,241,241,241,,2017-04-03 11:14:18,0,4,"ACC开,3D定位,天线正常","黑龙江省牡丹江市东安区,距五洲国际商贸博览城 约122米,距福海茗珠酒店 约460米",129.61203,44.53793,0.0,4
241,241,242,242,242,242,,2017-04-03 11:17:34,0,4,"ACC开,3D定位,天线正常","黑龙江省牡丹江市东安区,距五洲国际商贸博览城 约122米,距福海茗珠酒店 约460米",129.61203,44.53793,0.0,4
242,242,243,243,243,243,,2017-04-03 11:20:49,0,4,"ACC开,3D定位,天线正常","黑龙江省牡丹江市东安区,距五洲国际商贸博览城 约122米,距福海茗珠酒店 约460米",129.61203,44.53793,0.0,4
243,243,244,244,244,244,,2017-04-03 11:24:06,0,4,"ACC开,3D定位,天线正常","黑龙江省牡丹江市东安区,距五洲国际商贸博览城 约122米,距福海茗珠酒店 约460米",129.61203,44.53793,0.0,4
244,244,245,245,245,245,,2017-04-03 11:27:21,0,4,"ACC开,3D定位,天线正常","黑龙江省牡丹江市东安区,距五洲国际商贸博览城 约122米,距福海茗珠酒店 约460米",129.61203,44.53793,0.0,4
245,245,246,246,246,246,,2017-04-03 11:30:38,0,4,"ACC开,3D定位,天线正常","黑龙江省牡丹江市东安区,距五洲国际商贸博览城 约122米,距福海茗珠酒店 约460米",129.61203,44.53793,0.0,4
246,246,247,247,247,247,,2017-04-03 11:33:55,0,4,"ACC开,3D定位,天线正常","黑龙江省牡丹江市东安区,距五洲国际商贸博览城 约122米,距福海茗珠酒店 约460米",129.61203,44.53793,0.0,4
247,247,248,248,248,248,,2017-04-03 11:37:11,0,4,"ACC开,3D定位,天线正常","黑龙江省牡丹江市东安区,距五洲国际商贸博览城 约122米,距福海茗珠酒店 约460米",129.61203,44.53793,0.0,4
248,248,249,249,249,249,,2017-04-03 11:40:27,0,4,"ACC开,3D定位,天线正常","黑龙江省牡丹江市东安区,距五洲国际商贸博览城 约122米,距福海茗珠酒店 约460米",129.61203,44.53793,0.0,4
249,249,250,250,250,250,,2017-04-03 11:43:43,0,4,"ACC开,3D定位,天线正常","黑龙江省牡丹江市东安区,距五洲国际商贸博览城 约122米,距福海茗珠酒店 约460米",129.61203,44.53793,0.0,4
250,250,251,251,251,251,,2017-04-03 11:46:59,0,4,"ACC开,3D定位,天线正常","黑龙江省牡丹江市东安区,距五洲国际商贸博览城 约122米,距福海茗珠酒店 约460米",129.61203,44.53793,0.0,4
251,251,252,252,252,252,,2017-04-03 11:50:16,0,4,"ACC开,3D定位,天线正常","黑龙江省牡丹江市东安区,距五洲国际商贸博览城 约122米,距福海茗珠酒店 约460米",129.61203,44.53793,0.0,4
252,252,253,253,253,253,,2017-04-03 11:53:32,0,4,"ACC开,3D定位,天线正常","黑龙江省牡丹江市东安区,距五洲国际商贸博览城 约122米,距福海茗珠酒店 约460米",129.61203,44.53793,0.0,4
253,253,254,254,254,254,,2017-04-03 11:56:48,0,4,"ACC开,3D定位,天线正常","黑龙江省牡丹江市东安区,距五洲国际商贸博览城 约122米,距福海茗珠酒店 约460米",129.61203,44.53793,0.0,4
254,254,255,255,255,255,,2017-04-03 12:00:04,0,4,"ACC开,3D定位,天线正常","黑龙江省牡丹江市东安区,距五洲国际商贸博览城 约122米,距福海茗珠酒店 约460米",129.61203,44.53793,0.0,4
255,255,256,256,256,256,,2017-04-03 12:03:19,0,4,"ACC开,3D定位,天线正常","黑龙江省牡丹江市东安区,距五洲国际商贸博览城 约122米,距福海茗珠酒店 约460米",129.61203,44.53793,0.0,4
256,256,257,257,257,257,,2017-04-03 12:06:37,0,4,"ACC开,3D定位,天线正常","黑龙江省牡丹江市东安区,距五洲国际商贸博览城 约122米,距福海茗珠酒店 约460米",129.61203,44.53793,0.0,4
257,257,258,258,258,258,,2017-04-03 12:09:53,0,4,"ACC开,3D定位,天线正常","黑龙江省牡丹江市东安区,距五洲国际商贸博览城 约122米,距福海茗珠酒店 约460米",129.61203,44.53793,0.0,4
258,258,259,259,259,259,,2017-04-03 12:13:09,0,4,"ACC开,3D定位,天线正常","黑龙江省牡丹江市东安区,距五洲国际商贸博览城 约122米,距福海茗珠酒店 约460米",129.61203,44.53793,0.0,4
259,259,260,260,260,260,,2017-04-03 12:16:25,0,4,"ACC开,3D定位,天线正常","黑龙江省牡丹江市东安区,距五洲国际商贸博览城 约122米,距福海茗珠酒店 约460米",129.61203,44.53793,0.0,4
260,260,261,261,261,261,,2017-04-03 12:19:40,0,4,"ACC开,3D定位,天线正常","黑龙江省牡丹江市东安区,距五洲国际商贸博览城 约122米,距福海茗珠酒店 约460米",129.61203,44.53793,0.0,4
261,261,262,262,262,262,,2017-04-03 12:22:57,0,4,"ACC开,3D定位,天线正常","黑龙江省牡丹江市东安区,距五洲国际商贸博览城 约122米,距福海茗珠酒店 约460米",129.61203,44.53793,0.0,4
262,262,263,263,263,263,,2017-04-03 12:26:14,0,4,"ACC开,3D定位,天线正常","黑龙江省牡丹江市东安区,距五洲国际商贸博览城 约122米,距福海茗珠酒店 约460米",129.61203,44.53793,0.0,4
263,263,264,264,264,264,,2017-04-03 12:29:30,0,4,"ACC开,3D定位,天线正常","黑龙江省牡丹江市东安区,距五洲国际商贸博览城 约122米,距福海茗珠酒店 约460米",129.61203,44.53793,0.0,4
264,264,265,265,265,265,,2017-04-03 12:32:46,0,4,"ACC开,3D定位,天线正常","黑龙江省牡丹江市东安区,距五洲国际商贸博览城 约122米,距福海茗珠酒店 约460米",129.61203,44.53793,0.0,4
265,265,266,266,266,266,,2017-04-03 12:36:02,0,4,"ACC开,3D定位,天线正常","黑龙江省牡丹江市东安区,距五洲国际商贸博览城 约122米,距福海茗珠酒店 约460米",129.61203,44.53793,0.0,4
266,266,267,267,267,267,,2017-04-03 12:39:18,0,4,"ACC开,3D定位,天线正常","黑龙江省牡丹江市东安区,距五洲国际商贸博览城 约122米,距福海茗珠酒店 约460米",129.61203,44.53793,0.0,4
267,267,268,268,268,268,,2017-04-03 12:42:35,0,4,"ACC开,3D定位,天线正常","黑龙江省牡丹江市东安区,距五洲国际商贸博览城 约122米,距福海茗珠酒店 约460米",129.61203,44.53793,0.0,4
268,268,269,269,269,269,,2017-04-03 12:45:51,0,4,"ACC开,3D定位,天线正常","黑龙江省牡丹江市东安区,距五洲国际商贸博览城 约122米,距福海茗珠酒店 约460米",129.61203,44.53793,0.0,4
269,269,270,270,270,270,,2017-04-03 12:49:07,0,4,"ACC开,3D定位,天线正常","黑龙江省牡丹江市东安区,距五洲国际商贸博览城 约122米,距福海茗珠酒店 约460米",129.61203,44.53793,0.0,4
270,270,271,271,271,271,,2017-04-03 12:52:23,0,4,"ACC开,3D定位,天线正常","黑龙江省牡丹江市东安区,距五洲国际商贸博览城 约122米,距福海茗珠酒店 约460米",129.61203,44.53793,0.0,4
271,271,272,272,272,272,,2017-04-03 12:55:38,0,4,"ACC开,3D定位,天线正常","黑龙江省牡丹江市东安区,距五洲国际商贸博览城 约122米,距福海茗珠酒店 约460米",129.61203,44.53793,0.0,4
272,272,273,273,273,273,,2017-04-03 12:58:56,0,4,"ACC开,3D定位,天线正常","黑龙江省牡丹江市东安区,距五洲国际商贸博览城 约122米,距福海茗珠酒店 约460米",129.61203,44.53793,0.0,4
273,273,274,274,274,274,,2017-04-03 13:02:12,0,4,"ACC开,3D定位,天线正常","黑龙江省牡丹江市东安区,距五洲国际商贸博览城 约122米,距福海茗珠酒店 约460米",129.61203,44.53793,0.0,4
274,274,275,275,275,275,,2017-04-03 13:05:28,0,4,"ACC开,3D定位,天线正常","黑龙江省牡丹江市东安区,距五洲国际商贸博览城 约122米,距福海茗珠酒店 约460米",129.61203,44.53793,0.0,4
275,275,276,276,276,276,,2017-04-03 13:08:44,0,4,"ACC开,3D定位,天线正常","黑龙江省牡丹江市东安区,距五洲国际商贸博览城 约122米,距福海茗珠酒店 约460米",129.61203,44.53793,0.0,4
276,276,277,277,277,277,,2017-04-03 13:12:00,0,4,"ACC开,3D定位,天线正常","黑龙江省牡丹江市东安区,距五洲国际商贸博览城 约122米,距福海茗珠酒店 约460米",129.61203,44.53793,0.0,4
277,277,278,278,278,278,,2017-04-03 13:15:16,0,4,"ACC开,3D定位,天线正常","黑龙江省牡丹江市东安区,距五洲国际商贸博览城 约122米,距福海茗珠酒店 约460米",129.61203,44.53793,0.0,4
278,278,279,279,279,279,,2017-04-03 13:18:33,0,4,"ACC开,3D定位,天线正常","黑龙江省牡丹江市东安区,距五洲国际商贸博览城 约122米,距福海茗珠酒店 约460米",129.61203,44.53793,0.0,4
279,279,280,280,280,280,,2017-04-03 13:21:49,0,4,"ACC开,3D定位,天线正常","黑龙江省牡丹江市东安区,距五洲国际商贸博览城 约122米,距福海茗珠酒店 约460米",129.61203,44.53793,0.0,4
280,280,281,281,281,281,,2017-04-03 13:25:05,0,4,"ACC开,3D定位,天线正常","黑龙江省牡丹江市东安区,距五洲国际商贸博览城 约122米,距福海茗珠酒店 约460米",129.61203,44.53793,0.0,4
281,281,282,282,282,282,,2017-04-03 13:28:21,0,4,"ACC开,3D定位,天线正常","黑龙江省牡丹江市东安区,距五洲国际商贸博览城 约122米,距福海茗珠酒店 约460米",129.61203,44.53793,0.0,4
282,282,283,283,283,283,,2017-04-03 13:31:36,0,4,"ACC开,3D定位,天线正常","黑龙江省牡丹江市东安区,距五洲国际商贸博览城 约122米,距福海茗珠酒店 约460米",129.61203,44.53793,0.0,4
283,283,284,284,284,284,,2017-04-03 13:34:54,0,4,"ACC开,3D定位,天线正常","黑龙江省牡丹江市东安区,距五洲国际商贸博览城 约122米,距福海茗珠酒店 约460米",129.61203,44.53793,0.0,4
284,284,285,285,285,285,,2017-04-03 13:38:10,0,4,"ACC开,3D定位,天线正常","黑龙江省牡丹江市东安区,距五洲国际商贸博览城 约122米,距福海茗珠酒店 约460米",129.61203,44.53793,0.0,4
285,285,286,286,286,286,,2017-04-03 13:41:26,0,4,"ACC开,3D定位,天线正常","黑龙江省牡丹江市东安区,距五洲国际商贸博览城 约122米,距福海茗珠酒店 约460米",129.61203,44.53793,0.0,4
286,286,287,287,287,287,,2017-04-03 13:44:42,0,4,"ACC开,3D定位,天线正常","黑龙江省牡丹江市东安区,距五洲国际商贸博览城 约122米,距福海茗珠酒店 约460米",129.61203,44.53793,0.0,4
287,287,288,288,288,288,,2017-04-03 13:47:57,0,4,"ACC开,3D定位,天线正常","黑龙江省牡丹江市东安区,距五洲国际商贸博览城 约122米,距福海茗珠酒店 约460米",129.61203,44.53793,0.0,4
288,288,289,289,289,289,,2017-04-03 13:51:15,0,4,"ACC开,3D定位,天线正常","黑龙江省牡丹江市东安区,距五洲国际商贸博览城 约122米,距福海茗珠酒店 约460米",129.61203,44.53793,0.0,4
289,289,290,290,290,290,,2017-04-03 13:54:31,0,4,"ACC开,3D定位,天线正常","黑龙江省牡丹江市东安区,距五洲国际商贸博览城 约122米,距福海茗珠酒店 约460米",129.61203,44.53793,0.0,4
290,290,291,291,291,291,,2017-04-03 13:57:47,0,4,"ACC开,3D定位,天线正常","黑龙江省牡丹江市东安区,距五洲国际商贸博览城 约122米,距福海茗珠酒店 约460米",129.61203,44.53793,0.0,4
291,291,292,292,292,292,,2017-04-03 14:01:03,0,4,"ACC开,3D定位,天线正常","黑龙江省牡丹江市东安区,距五洲国际商贸博览城 约122米,距福海茗珠酒店 约460米",129.61203,44.53793,0.0,4
292,292,293,293,293,293,,2017-04-03 14:04:18,0,4,"ACC开,3D定位,天线正常","黑龙江省牡丹江市东安区,距五洲国际商贸博览城 约122米,距福海茗珠酒店 约460米",129.61203,44.53793,0.0,4
293,293,294,294,294,294,,2017-04-03 14:07:36,0,4,"ACC开,3D定位,天线正常","黑龙江省牡丹江市东安区,距五洲国际商贸博览城 约122米,距福海茗珠酒店 约460米",129.61203,44.53793,0.0,4
294,294,295,295,295,295,,2017-04-03 14:10:52,0,4,"ACC开,3D定位,天线正常","黑龙江省牡丹江市东安区,距五洲国际商贸博览城 约122米,距福海茗珠酒店 约460米",129.61203,44.53793,0.0,4
295,295,296,296,296,296,,2017-04-03 14:14:08,0,4,"ACC开,3D定位,天线正常","黑龙江省牡丹江市东安区,距五洲国际商贸博览城 约122米,距福海茗珠酒店 约460米",129.61203,44.53793,0.0,4
296,296,297,297,297,297,,2017-04-03 14:17:24,0,4,"ACC开,3D定位,天线正常","黑龙江省牡丹江市东安区,距五洲国际商贸博览城 约122米,距福海茗珠酒店 约460米",129.61203,44.53793,0.0,4
297,297,298,298,298,298,,2017-04-03 14:20:39,0,4,"ACC开,3D定位,天线正常","黑龙江省牡丹江市东安区,距五洲国际商贸博览城 约122米,距福海茗珠酒店 约460米",129.61203,44.53793,0.0,4
298,298,299,299,299,299,,2017-04-03 14:23:56,0,4,"ACC开,3D定位,天线正常","黑龙江省牡丹江市东安区,距五洲国际商贸博览城 约122米,距福海茗珠酒店 约460米",129.61203,44.53793,0.0,4
299,299,300,300,300,300,,2017-04-03 14:27:13,0,4,"ACC开,3D定位,天线正常","黑龙江省牡丹江市东安区,距五洲国际商贸博览城 约122米,距福海茗珠酒店 约460米",129.61203,44.53793,0.0,4
300,300,301,301,301,301,,2017-04-03 14:30:29,0,4,"ACC开,3D定位,天线正常","黑龙江省牡丹江市东安区,距五洲国际商贸博览城 约122米,距福海茗珠酒店 约460米",129.61203,44.53793,0.0,4
301,301,302,302,302,302,,2017-04-03 14:33:45,0,4,"ACC开,3D定位,天线正常","黑龙江省牡丹江市东安区,距五洲国际商贸博览城 约122米,距福海茗珠酒店 约460米",129.61203,44.53793,0.0,4
302,302,303,303,303,303,,2017-04-03 14:37:01,0,4,"ACC开,3D定位,天线正常","黑龙江省牡丹江市东安区,距五洲国际商贸博览城 约122米,距福海茗珠酒店 约460米",129.61203,44.53793,0.0,4
303,303,304,304,304,304,,2017-04-03 14:40:17,0,4,"ACC开,3D定位,天线正常","黑龙江省牡丹江市东安区,距五洲国际商贸博览城 约122米,距福海茗珠酒店 约460米",129.61203,44.53793,0.0,4
304,304,305,305,305,305,,2017-04-03 14:43:34,0,4,"ACC开,3D定位,天线正常","黑龙江省牡丹江市东安区,距五洲国际商贸博览城 约122米,距福海茗珠酒店 约460米",129.61203,44.53793,0.0,4
305,305,306,306,306,306,,2017-04-03 14:46:50,0,4,"ACC开,3D定位,天线正常","黑龙江省牡丹江市东安区,距五洲国际商贸博览城 约122米,距福海茗珠酒店 约460米",129.61203,44.53793,0.0,4
306,306,307,307,307,307,,2017-04-03 14:50:06,0,4,"ACC开,3D定位,天线正常","黑龙江省牡丹江市东安区,距五洲国际商贸博览城 约122米,距福海茗珠酒店 约460米",129.61203,44.53793,0.0,4
307,307,308,308,308,308,,2017-04-03 14:53:22,0,4,"ACC开,3D定位,天线正常","黑龙江省牡丹江市东安区,距五洲国际商贸博览城 约122米,距福海茗珠酒店 约460米",129.61203,44.53793,0.0,4
308,308,309,309,309,309,,2017-04-03 14:56:37,0,4,"ACC开,3D定位,天线正常","黑龙江省牡丹江市东安区,距五洲国际商贸博览城 约122米,距福海茗珠酒店 约460米",129.61203,44.53793,0.0,4
309,309,310,310,310,310,,2017-04-03 14:59:54,0,4,"ACC开,3D定位,天线正常","黑龙江省牡丹江市东安区,距五洲国际商贸博览城 约122米,距福海茗珠酒店 约460米",129.61203,44.53793,0.0,4
310,310,311,311,311,311,,2017-04-03 15:03:11,0,4,"ACC开,3D定位,天线正常","黑龙江省牡丹江市东安区,距五洲国际商贸博览城 约122米,距福海茗珠酒店 约460米",129.61203,44.53793,0.0,4
311,311,312,312,312,312,,2017-04-03 15:06:27,0,4,"ACC开,3D定位,天线正常","黑龙江省牡丹江市东安区,距五洲国际商贸博览城 约122米,距福海茗珠酒店 约460米",129.61203,44.53793,0.0,4
312,312,313,313,313,313,,2017-04-03 15:09:43,0,4,"ACC开,3D定位,天线正常","黑龙江省牡丹江市东安区,距五洲国际商贸博览城 约122米,距福海茗珠酒店 约460米",129.61203,44.53793,0.0,4
313,313,314,314,314,314,,2017-04-03 15:12:58,0,4,"ACC开,3D定位,天线正常","黑龙江省牡丹江市东安区,距五洲国际商贸博览城 约122米,距福海茗珠酒店 约460米",129.61203,44.53793,0.0,4
314,314,315,315,315,315,,2017-04-03 15:16:15,0,4,"ACC开,3D定位,天线正常","黑龙江省牡丹江市东安区,距五洲国际商贸博览城 约122米,距福海茗珠酒店 约460米",129.61203,44.53793,0.0,4
315,315,316,316,316,316,,2017-04-03 15:19:32,0,4,"ACC开,3D定位,天线正常","黑龙江省牡丹江市东安区,距五洲国际商贸博览城 约122米,距福海茗珠酒店 约460米",129.61203,44.53793,0.0,4
316,316,317,317,317,317,,2017-04-03 15:22:48,0,4,"ACC开,3D定位,天线正常","黑龙江省牡丹江市东安区,距五洲国际商贸博览城 约122米,距福海茗珠酒店 约460米",129.61203,44.53793,0.0,4
317,317,318,318,318,318,,2017-04-03 15:26:04,0,4,"ACC开,3D定位,天线正常","黑龙江省牡丹江市东安区,距五洲国际商贸博览城 约122米,距福海茗珠酒店 约460米",129.61203,44.53793,0.0,4
318,318,319,319,319,319,,2017-04-03 15:29:20,0,4,"ACC开,3D定位,天线正常","黑龙江省牡丹江市东安区,距五洲国际商贸博览城 约122米,距福海茗珠酒店 约460米",129.61203,44.53793,0.0,4
319,319,320,320,320,320,,2017-04-03 15:32:36,0,4,"ACC开,3D定位,天线正常","黑龙江省牡丹江市东安区,距五洲国际商贸博览城 约122米,距福海茗珠酒店 约460米",129.61203,44.53793,0.0,4
320,320,321,321,321,321,,2017-04-03 15:35:53,0,4,"ACC开,3D定位,天线正常","黑龙江省牡丹江市东安区,距五洲国际商贸博览城 约122米,距福海茗珠酒店 约460米",129.61203,44.53793,0.0,4
321,321,322,322,322,322,,2017-04-03 15:39:09,0,4,"ACC开,3D定位,天线正常","黑龙江省牡丹江市东安区,距五洲国际商贸博览城 约122米,距福海茗珠酒店 约460米",129.61203,44.53793,0.0,4
322,322,323,323,323,323,,2017-04-03 15:42:25,0,4,"ACC开,3D定位,天线正常","黑龙江省牡丹江市东安区,距五洲国际商贸博览城 约122米,距福海茗珠酒店 约460米",129.61203,44.53793,0.0,4
323,323,324,324,324,324,,2017-04-03 15:45:41,0,4,"ACC开,3D定位,天线正常","黑龙江省牡丹江市东安区,距五洲国际商贸博览城 约122米,距福海茗珠酒店 约460米",129.61203,44.53793,0.0,4
324,324,325,325,325,325,,2017-04-03 15:48:56,0,4,"ACC开,3D定位,天线正常","黑龙江省牡丹江市东安区,距五洲国际商贸博览城 约122米,距福海茗珠酒店 约460米",129.61203,44.53793,0.0,4
325,325,326,326,326,326,,2017-04-03 15:52:13,0,4,"ACC开,3D定位,天线正常","黑龙江省牡丹江市东安区,距五洲国际商贸博览城 约122米,距福海茗珠酒店 约460米",129.61203,44.53793,0.0,4
326,326,327,327,327,327,,2017-04-03 15:55:30,0,4,"ACC开,3D定位,天线正常","黑龙江省牡丹江市东安区,距五洲国际商贸博览城 约122米,距福海茗珠酒店 约460米",129.61203,44.53793,0.0,4
327,327,328,328,328,328,,2017-04-03 15:58:46,0,4,"ACC开,3D定位,天线正常","黑龙江省牡丹江市东安区,距五洲国际商贸博览城 约122米,距福海茗珠酒店 约460米",129.61203,44.53793,0.0,4
328,328,329,329,329,329,,2017-04-03 16:02:02,0,4,"ACC开,3D定位,天线正常","黑龙江省牡丹江市东安区,距五洲国际商贸博览城 约122米,距福海茗珠酒店 约460米",129.61203,44.53793,0.0,4
329,329,330,330,330,330,,2017-04-03 16:05:18,0,4,"ACC开,3D定位,天线正常","黑龙江省牡丹江市东安区,距五洲国际商贸博览城 约122米,距福海茗珠酒店 约460米",129.61203,44.53793,0.0,4
330,330,331,331,331,331,,2017-04-03 16:08:34,0,4,"ACC开,3D定位,天线正常","黑龙江省牡丹江市东安区,距五洲国际商贸博览城 约122米,距福海茗珠酒店 约460米",129.61203,44.53793,0.0,4
331,331,332,332,332,332,,2017-04-03 16:11:51,0,4,"ACC开,3D定位,天线正常","黑龙江省牡丹江市东安区,距五洲国际商贸博览城 约122米,距福海茗珠酒店 约460米",129.61203,44.53793,0.0,4
332,332,333,333,333,333,,2017-04-03 16:15:07,0,4,"ACC开,3D定位,天线正常","黑龙江省牡丹江市东安区,距五洲国际商贸博览城 约122米,距福海茗珠酒店 约460米",129.61203,44.53793,0.0,4
333,333,334,334,334,334,,2017-04-03 16:18:23,0,4,"ACC开,3D定位,天线正常","黑龙江省牡丹江市东安区,距五洲国际商贸博览城 约122米,距福海茗珠酒店 约460米",129.61203,44.53793,0.0,4
334,334,335,335,335,335,,2017-04-03 16:21:39,0,4,"ACC开,3D定位,天线正常","黑龙江省牡丹江市东安区,距五洲国际商贸博览城 约122米,距福海茗珠酒店 约460米",129.61203,44.53793,0.0,4
335,335,336,336,336,336,,2017-04-03 16:24:54,0,4,"ACC开,3D定位,天线正常","黑龙江省牡丹江市东安区,距五洲国际商贸博览城 约122米,距福海茗珠酒店 约460米",129.61203,44.53793,0.0,4
336,336,337,337,337,337,,2017-04-03 16:28:11,0,4,"ACC开,3D定位,天线正常","黑龙江省牡丹江市东安区,距五洲国际商贸博览城 约122米,距福海茗珠酒店 约460米",129.61203,44.53793,0.0,4
337,337,338,338,338,338,,2017-04-03 16:31:28,0,4,"ACC开,3D定位,天线正常","黑龙江省牡丹江市东安区,距五洲国际商贸博览城 约122米,距福海茗珠酒店 约460米",129.61203,44.53793,0.0,4
338,338,339,339,339,339,,2017-04-03 16:34:44,0,4,"ACC开,3D定位,天线正常","黑龙江省牡丹江市东安区,距五洲国际商贸博览城 约122米,距福海茗珠酒店 约460米",129.61203,44.53793,0.0,4
339,339,340,340,340,340,,2017-04-03 16:38:00,0,4,"ACC开,3D定位,天线正常","黑龙江省牡丹江市东安区,距五洲国际商贸博览城 约122米,距福海茗珠酒店 约460米",129.61203,44.53793,0.0,4
340,340,341,341,341,341,,2017-04-03 16:41:16,0,4,"ACC开,3D定位,天线正常","黑龙江省牡丹江市东安区,距五洲国际商贸博览城 约122米,距福海茗珠酒店 约460米",129.61203,44.53793,0.0,4
341,341,342,342,342,342,,2017-04-03 16:44:32,0,4,"ACC开,3D定位,天线正常","黑龙江省牡丹江市东安区,距五洲国际商贸博览城 约122米,距福海茗珠酒店 约460米",129.61203,44.53793,0.0,4
342,342,343,343,343,343,,2017-04-03 16:47:48,0,4,"ACC开,3D定位,天线正常","黑龙江省牡丹江市东安区,距五洲国际商贸博览城 约122米,距福海茗珠酒店 约460米",129.61203,44.53793,0.0,4
343,343,344,344,344,344,,2017-04-03 16:51:05,0,4,"ACC开,3D定位,天线正常","黑龙江省牡丹江市东安区,距五洲国际商贸博览城 约122米,距福海茗珠酒店 约460米",129.61203,44.53793,0.0,4
344,344,345,345,345,345,,2017-04-03 16:54:21,0,4,"ACC开,3D定位,天线正常","黑龙江省牡丹江市东安区,距五洲国际商贸博览城 约122米,距福海茗珠酒店 约460米",129.61203,44.53793,0.0,4
345,345,346,346,346,346,,2017-04-03 16:57:37,0,4,"ACC开,3D定位,天线正常","黑龙江省牡丹江市东安区,距五洲国际商贸博览城 约122米,距福海茗珠酒店 约460米",129.61203,44.53793,0.0,4
346,346,347,347,347,347,,2017-04-03 17:00:52,0,4,"ACC开,3D定位,天线正常","黑龙江省牡丹江市东安区,距五洲国际商贸博览城 约122米,距福海茗珠酒店 约460米",129.61203,44.53793,0.0,4
347,347,348,348,348,348,,2017-04-03 17:04:09,0,4,"ACC开,3D定位,天线正常","黑龙江省牡丹江市东安区,距五洲国际商贸博览城 约122米,距福海茗珠酒店 约460米",129.61203,44.53793,0.0,4
348,348,349,349,349,349,,2017-04-03 17:07:26,0,4,"ACC开,3D定位,天线正常","黑龙江省牡丹江市东安区,距五洲国际商贸博览城 约122米,距福海茗珠酒店 约460米",129.61203,44.53793,0.0,4
349,349,350,350,350,350,,2017-04-03 17:10:42,0,4,"ACC开,3D定位,天线正常","黑龙江省牡丹江市东安区,距五洲国际商贸博览城 约122米,距福海茗珠酒店 约460米",129.61203,44.53793,0.0,4
350,350,351,351,351,351,,2017-04-03 17:13:58,0,4,"ACC开,3D定位,天线正常","黑龙江省牡丹江市东安区,距五洲国际商贸博览城 约122米,距福海茗珠酒店 约460米",129.61203,44.53793,0.0,4
351,351,352,352,352,352,,2017-04-03 17:17:13,0,4,"ACC开,3D定位,天线正常","黑龙江省牡丹江市东安区,距五洲国际商贸博览城 约122米,距福海茗珠酒店 约460米",129.61203,44.53793,0.0,4
352,352,353,353,353,353,,2017-04-03 17:20:30,0,4,"ACC开,3D定位,天线正常","黑龙江省牡丹江市东安区,距五洲国际商贸博览城 约122米,距福海茗珠酒店 约460米",129.61203,44.53793,0.0,4
353,353,354,354,354,354,,2017-04-03 17:23:47,0,4,"ACC开,3D定位,天线正常","黑龙江省牡丹江市东安区,距五洲国际商贸博览城 约122米,距福海茗珠酒店 约460米",129.61203,44.53793,0.0,4
354,354,355,355,355,355,,2017-04-03 17:27:03,0,4,"ACC开,3D定位,天线正常","黑龙江省牡丹江市东安区,距五洲国际商贸博览城 约122米,距福海茗珠酒店 约460米",129.61203,44.53793,0.0,4
355,355,356,356,356,356,,2017-04-03 17:30:19,0,4,"ACC开,3D定位,天线正常","黑龙江省牡丹江市东安区,距五洲国际商贸博览城 约122米,距福海茗珠酒店 约460米",129.61203,44.53793,0.0,4
356,356,357,357,357,357,,2017-04-03 17:33:35,0,4,"ACC开,3D定位,天线正常","黑龙江省牡丹江市东安区,距五洲国际商贸博览城 约122米,距福海茗珠酒店 约460米",129.61203,44.53793,0.0,4
357,357,358,358,358,358,,2017-04-03 17:36:51,0,4,"ACC开,3D定位,天线正常","黑龙江省牡丹江市东安区,距五洲国际商贸博览城 约122米,距福海茗珠酒店 约460米",129.61203,44.53793,0.0,4
358,358,359,359,359,359,,2017-04-03 17:40:08,0,4,"ACC开,3D定位,天线正常","黑龙江省牡丹江市东安区,距五洲国际商贸博览城 约122米,距福海茗珠酒店 约460米",129.61203,44.53793,0.0,4
359,359,360,360,360,360,,2017-04-03 17:43:24,0,4,"ACC开,3D定位,天线正常","黑龙江省牡丹江市东安区,距五洲国际商贸博览城 约122米,距福海茗珠酒店 约460米",129.61203,44.53793,0.0,4
360,360,361,361,361,361,,2017-04-03 17:46:40,0,4,"ACC开,3D定位,天线正常","黑龙江省牡丹江市东安区,距五洲国际商贸博览城 约122米,距福海茗珠酒店 约460米",129.61203,44.53793,0.0,4
361,361,362,362,362,362,,2017-04-03 17:49:56,0,4,"ACC开,3D定位,天线正常","黑龙江省牡丹江市东安区,距五洲国际商贸博览城 约122米,距福海茗珠酒店 约460米",129.61203,44.53793,0.0,4
362,362,363,363,363,363,,2017-04-03 17:53:12,0,4,"ACC开,3D定位,天线正常","黑龙江省牡丹江市东安区,距五洲国际商贸博览城 约122米,距福海茗珠酒店 约460米",129.61203,44.53793,0.0,4
363,363,364,364,364,364,,2017-04-03 17:56:29,0,4,"ACC开,3D定位,天线正常","黑龙江省牡丹江市东安区,距五洲国际商贸博览城 约122米,距福海茗珠酒店 约460米",129.61203,44.53793,0.0,4
364,364,365,365,365,365,,2017-04-03 17:59:45,0,4,"ACC开,3D定位,天线正常","黑龙江省牡丹江市东安区,距五洲国际商贸博览城 约122米,距福海茗珠酒店 约460米",129.61203,44.53793,0.0,4
365,365,366,366,366,366,,2017-04-03 18:03:01,0,4,"ACC开,3D定位,天线正常","黑龙江省牡丹江市东安区,距五洲国际商贸博览城 约122米,距福海茗珠酒店 约460米",129.61203,44.53793,0.0,4
366,366,367,367,367,367,,2017-04-03 18:06:17,0,4,"ACC开,3D定位,天线正常","黑龙江省牡丹江市东安区,距五洲国际商贸博览城 约122米,距福海茗珠酒店 约460米",129.61203,44.53793,0.0,4
367,367,368,368,368,368,,2017-04-03 18:09:32,0,4,"ACC开,3D定位,天线正常","黑龙江省牡丹江市东安区,距五洲国际商贸博览城 约122米,距福海茗珠酒店 约460米",129.61203,44.53793,0.0,4
368,368,369,369,369,369,,2017-04-03 18:12:49,0,4,"ACC开,3D定位,天线正常","黑龙江省牡丹江市东安区,距五洲国际商贸博览城 约122米,距福海茗珠酒店 约460米",129.61203,44.53793,0.0,4
369,369,370,370,370,370,,2017-04-03 18:16:06,0,4,"ACC开,3D定位,天线正常","黑龙江省牡丹江市东安区,距五洲国际商贸博览城 约122米,距福海茗珠酒店 约460米",129.61203,44.53793,0.0,4
370,370,371,371,371,371,,2017-04-03 18:19:22,0,4,"ACC开,3D定位,天线正常","黑龙江省牡丹江市东安区,距五洲国际商贸博览城 约122米,距福海茗珠酒店 约460米",129.61203,44.53793,0.0,4
371,371,372,372,372,372,,2017-04-03 18:22:38,0,4,"ACC开,3D定位,天线正常","黑龙江省牡丹江市东安区,距五洲国际商贸博览城 约122米,距福海茗珠酒店 约460米",129.61203,44.53793,0.0,4
372,372,373,373,373,373,,2017-04-03 18:25:54,0,4,"ACC开,3D定位,天线正常","黑龙江省牡丹江市东安区,距五洲国际商贸博览城 约122米,距福海茗珠酒店 约460米",129.61203,44.53793,0.0,4
373,373,374,374,374,374,,2017-04-03 18:29:10,0,4,"ACC开,3D定位,天线正常","黑龙江省牡丹江市东安区,距五洲国际商贸博览城 约122米,距福海茗珠酒店 约460米",129.61203,44.53793,0.0,4
374,374,375,375,375,375,,2017-04-03 18:32:27,0,4,"ACC开,3D定位,天线正常","黑龙江省牡丹江市东安区,距五洲国际商贸博览城 约122米,距福海茗珠酒店 约460米",129.61203,44.53793,0.0,4
375,375,376,376,376,376,,2017-04-03 18:35:43,0,4,"ACC开,3D定位,天线正常","黑龙江省牡丹江市东安区,距五洲国际商贸博览城 约122米,距福海茗珠酒店 约460米",129.61203,44.53793,0.0,4
376,376,377,377,377,377,,2017-04-03 18:38:59,0,4,"ACC开,3D定位,天线正常","黑龙江省牡丹江市东安区,距五洲国际商贸博览城 约122米,距福海茗珠酒店 约460米",129.61203,44.53793,0.0,4
377,377,378,378,378,378,,2017-04-03 18:42:15,0,4,"ACC开,3D定位,天线正常","黑龙江省牡丹江市东安区,距五洲国际商贸博览城 约122米,距福海茗珠酒店 约460米",129.61203,44.53793,0.0,4
378,378,379,379,379,379,,2017-04-03 18:45:30,0,4,"ACC开,3D定位,天线正常","黑龙江省牡丹江市东安区,距五洲国际商贸博览城 约122米,距福海茗珠酒店 约460米",129.61203,44.53793,0.0,4
379,379,380,380,380,380,,2017-04-03 18:48:47,0,4,"ACC开,3D定位,天线正常","黑龙江省牡丹江市东安区,距五洲国际商贸博览城 约122米,距福海茗珠酒店 约460米",129.61203,44.53793,0.0,4
380,380,381,381,381,381,,2017-04-03 18:52:04,0,4,"ACC开,3D定位,天线正常","黑龙江省牡丹江市东安区,距五洲国际商贸博览城 约122米,距福海茗珠酒店 约460米",129.61203,44.53793,0.0,4
381,381,382,382,382,382,,2017-04-03 18:55:20,0,4,"ACC开,3D定位,天线正常","黑龙江省牡丹江市东安区,距五洲国际商贸博览城 约122米,距福海茗珠酒店 约460米",129.61203,44.53793,0.0,4
382,382,383,383,383,383,,2017-04-03 18:58:36,0,4,"ACC开,3D定位,天线正常","黑龙江省牡丹江市东安区,距五洲国际商贸博览城 约122米,距福海茗珠酒店 约460米",129.61203,44.53793,0.0,4
383,383,384,384,384,384,,2017-04-03 19:01:51,0,4,"ACC开,3D定位,天线正常","黑龙江省牡丹江市东安区,距五洲国际商贸博览城 约122米,距福海茗珠酒店 约460米",129.61203,44.53793,0.0,4
384,384,385,385,385,385,,2017-04-03 19:05:08,0,4,"ACC开,3D定位,天线正常","黑龙江省牡丹江市东安区,距五洲国际商贸博览城 约122米,距福海茗珠酒店 约460米",129.61203,44.53793,0.0,4
385,385,386,386,386,386,,2017-04-03 19:08:25,0,4,"ACC开,3D定位,天线正常","黑龙江省牡丹江市东安区,距五洲国际商贸博览城 约122米,距福海茗珠酒店 约460米",129.61203,44.53793,0.0,4
386,386,387,387,387,387,,2017-04-03 19:11:41,0,4,"ACC开,3D定位,天线正常","黑龙江省牡丹江市东安区,距五洲国际商贸博览城 约122米,距福海茗珠酒店 约460米",129.61203,44.53793,0.0,4
387,387,388,388,388,388,,2017-04-03 19:14:57,0,4,"ACC开,3D定位,天线正常","黑龙江省牡丹江市东安区,距五洲国际商贸博览城 约122米,距福海茗珠酒店 约460米",129.61203,44.53793,0.0,4
388,388,389,389,389,389,,2017-04-03 19:18:13,0,4,"ACC开,3D定位,天线正常","黑龙江省牡丹江市东安区,距五洲国际商贸博览城 约122米,距福海茗珠酒店 约460米",129.61203,44.53793,0.0,4
389,389,390,390,390,390,,2017-04-03 19:21:29,0,4,"ACC开,3D定位,天线正常","黑龙江省牡丹江市东安区,距五洲国际商贸博览城 约122米,距福海茗珠酒店 约460米",129.61203,44.53793,0.0,4
390,390,391,391,391,391,,2017-04-03 19:24:46,0,4,"ACC开,3D定位,天线正常","黑龙江省牡丹江市东安区,距五洲国际商贸博览城 约122米,距福海茗珠酒店 约460米",129.61203,44.53793,0.0,4
391,391,392,392,392,392,,2017-04-03 19:28:02,0,4,"ACC开,3D定位,天线正常","黑龙江省牡丹江市东安区,距五洲国际商贸博览城 约122米,距福海茗珠酒店 约460米",129.61203,44.53793,0.0,4
392,392,393,393,393,393,,2017-04-03 19:31:18,0,4,"ACC开,3D定位,天线正常","黑龙江省牡丹江市东安区,距五洲国际商贸博览城 约122米,距福海茗珠酒店 约460米",129.61203,44.53793,0.0,4
393,393,394,394,394,394,,2017-04-03 19:34:34,0,4,"ACC开,3D定位,天线正常","黑龙江省牡丹江市东安区,距五洲国际商贸博览城 约122米,距福海茗珠酒店 约460米",129.61203,44.53793,0.0,4
394,394,395,395,395,395,,2017-04-03 19:37:49,0,4,"ACC开,3D定位,天线正常","黑龙江省牡丹江市东安区,距五洲国际商贸博览城 约122米,距福海茗珠酒店 约460米",129.61203,44.53793,0.0,4
395,395,396,396,396,396,,2017-04-03 19:41:06,0,4,"ACC开,3D定位,天线正常","黑龙江省牡丹江市东安区,距五洲国际商贸博览城 约122米,距福海茗珠酒店 约460米",129.61203,44.53793,0.0,4
396,396,397,397,397,397,,2017-04-03 19:44:23,0,4,"ACC开,3D定位,天线正常","黑龙江省牡丹江市东安区,距五洲国际商贸博览城 约122米,距福海茗珠酒店 约460米",129.61203,44.53793,0.0,4
397,397,398,398,398,398,,2017-04-03 19:47:39,0,4,"ACC开,3D定位,天线正常","黑龙江省牡丹江市东安区,距五洲国际商贸博览城 约122米,距福海茗珠酒店 约460米",129.61203,44.53793,0.0,4
398,398,399,399,399,399,,2017-04-03 19:50:55,0,4,"ACC开,3D定位,天线正常","黑龙江省牡丹江市东安区,距五洲国际商贸博览城 约122米,距福海茗珠酒店 约460米",129.61203,44.53793,0.0,4
399,399,400,400,400,400,,2017-04-03 19:54:10,0,4,"ACC开,3D定位,天线正常","黑龙江省牡丹江市东安区,距五洲国际商贸博览城 约122米,距福海茗珠酒店 约460米",129.61203,44.53793,0.0,4
400,400,401,401,401,401,,2017-04-03 19:57:27,0,4,"ACC开,3D定位,天线正常","黑龙江省牡丹江市东安区,距五洲国际商贸博览城 约122米,距福海茗珠酒店 约460米",129.61203,44.53793,0.0,4
401,401,402,402,402,402,,2017-04-03 20:00:44,0,4,"ACC开,3D定位,天线正常","黑龙江省牡丹江市东安区,距五洲国际商贸博览城 约122米,距福海茗珠酒店 约460米",129.61203,44.53793,0.0,4
402,402,403,403,403,403,,2017-04-03 20:04:00,0,4,"ACC开,3D定位,天线正常","黑龙江省牡丹江市东安区,距五洲国际商贸博览城 约122米,距福海茗珠酒店 约460米",129.61203,44.53793,0.0,4
403,403,404,404,404,404,,2017-04-03 20:07:16,0,4,"ACC开,3D定位,天线正常","黑龙江省牡丹江市东安区,距五洲国际商贸博览城 约122米,距福海茗珠酒店 约460米",129.61203,44.53793,0.0,4
404,404,405,405,405,405,,2017-04-03 20:10:32,0,4,"ACC开,3D定位,天线正常","黑龙江省牡丹江市东安区,距五洲国际商贸博览城 约122米,距福海茗珠酒店 约460米",129.61203,44.53793,0.0,4
405,405,406,406,406,406,,2017-04-03 20:13:48,0,4,"ACC开,3D定位,天线正常","黑龙江省牡丹江市东安区,距五洲国际商贸博览城 约122米,距福海茗珠酒店 约460米",129.61203,44.53793,0.0,4
406,406,407,407,407,407,,2017-04-03 20:17:05,0,4,"ACC开,3D定位,天线正常","黑龙江省牡丹江市东安区,距五洲国际商贸博览城 约122米,距福海茗珠酒店 约460米",129.61203,44.53793,0.0,4
407,407,408,408,408,408,,2017-04-03 20:20:21,0,4,"ACC开,3D定位,天线正常","黑龙江省牡丹江市东安区,距五洲国际商贸博览城 约122米,距福海茗珠酒店 约460米",129.61203,44.53793,0.0,4
408,408,409,409,409,409,,2017-04-03 20:23:37,0,4,"ACC开,3D定位,天线正常","黑龙江省牡丹江市东安区,距五洲国际商贸博览城 约122米,距福海茗珠酒店 约460米",129.61203,44.53793,0.0,4
409,409,410,410,410,410,,2017-04-03 20:26:53,0,4,"ACC开,3D定位,天线正常","黑龙江省牡丹江市东安区,距五洲国际商贸博览城 约122米,距福海茗珠酒店 约460米",129.61203,44.53793,0.0,4
410,410,411,411,411,411,,2017-04-03 20:30:08,0,4,"ACC开,3D定位,天线正常","黑龙江省牡丹江市东安区,距五洲国际商贸博览城 约122米,距福海茗珠酒店 约460米",129.61203,44.53793,0.0,4
411,411,412,412,412,412,,2017-04-03 20:33:25,0,4,"ACC开,3D定位,天线正常","黑龙江省牡丹江市东安区,距五洲国际商贸博览城 约122米,距福海茗珠酒店 约460米",129.61203,44.53793,0.0,4
412,412,413,413,413,413,,2017-04-03 20:36:42,0,4,"ACC开,3D定位,天线正常","黑龙江省牡丹江市东安区,距五洲国际商贸博览城 约122米,距福海茗珠酒店 约460米",129.61203,44.53793,0.0,4
413,413,414,414,414,414,,2017-04-03 20:39:58,0,4,"ACC开,3D定位,天线正常","黑龙江省牡丹江市东安区,距五洲国际商贸博览城 约122米,距福海茗珠酒店 约460米",129.61203,44.53793,0.0,4
414,414,415,415,415,415,,2017-04-03 20:43:14,0,4,"ACC开,3D定位,天线正常","黑龙江省牡丹江市东安区,距五洲国际商贸博览城 约122米,距福海茗珠酒店 约460米",129.61203,44.53793,0.0,4
415,415,416,416,416,416,,2017-04-03 20:46:30,0,4,"ACC开,3D定位,天线正常","黑龙江省牡丹江市东安区,距五洲国际商贸博览城 约122米,距福海茗珠酒店 约460米",129.61203,44.53793,0.0,4
416,416,417,417,417,417,,2017-04-03 20:49:46,0,4,"ACC开,3D定位,天线正常","黑龙江省牡丹江市东安区,距五洲国际商贸博览城 约122米,距福海茗珠酒店 约460米",129.61203,44.53793,0.0,4
417,417,418,418,418,418,,2017-04-03 20:53:03,0,4,"ACC开,3D定位,天线正常","黑龙江省牡丹江市东安区,距五洲国际商贸博览城 约122米,距福海茗珠酒店 约460米",129.61203,44.53793,0.0,4
418,418,419,419,419,419,,2017-04-03 20:56:19,0,4,"ACC开,3D定位,天线正常","黑龙江省牡丹江市东安区,距五洲国际商贸博览城 约122米,距福海茗珠酒店 约460米",129.61203,44.53793,0.0,4
419,419,420,420,420,420,,2017-04-03 20:59:35,0,4,"ACC开,3D定位,天线正常","黑龙江省牡丹江市东安区,距五洲国际商贸博览城 约122米,距福海茗珠酒店 约460米",129.61203,44.53793,0.0,4
420,420,421,421,421,421,,2017-04-03 21:02:51,0,4,"ACC开,3D定位,天线正常","黑龙江省牡丹江市东安区,距五洲国际商贸博览城 约122米,距福海茗珠酒店 约460米",129.61203,44.53793,0.0,4
421,421,422,422,422,422,,2017-04-03 21:06:06,0,4,"ACC开,3D定位,天线正常","黑龙江省牡丹江市东安区,距五洲国际商贸博览城 约122米,距福海茗珠酒店 约460米",129.61203,44.53793,0.0,4
422,422,423,423,423,423,,2017-04-03 21:09:23,0,4,"ACC开,3D定位,天线正常","黑龙江省牡丹江市东安区,距五洲国际商贸博览城 约122米,距福海茗珠酒店 约460米",129.61203,44.53793,0.0,4
423,423,424,424,424,424,,2017-04-03 21:12:39,0,4,"ACC开,3D定位,天线正常","黑龙江省牡丹江市东安区,距五洲国际商贸博览城 约122米,距福海茗珠酒店 约460米",129.61203,44.53793,0.0,4
424,424,425,425,425,425,,2017-04-03 21:15:56,0,4,"ACC开,3D定位,天线正常","黑龙江省牡丹江市东安区,距五洲国际商贸博览城 约122米,距福海茗珠酒店 约460米",129.61203,44.53793,0.0,4
425,425,426,426,426,426,,2017-04-03 21:19:12,0,4,"ACC开,3D定位,天线正常","黑龙江省牡丹江市东安区,距五洲国际商贸博览城 约122米,距福海茗珠酒店 约460米",129.61203,44.53793,0.0,4
426,426,427,427,427,427,,2017-04-03 21:22:28,0,4,"ACC开,3D定位,天线正常","黑龙江省牡丹江市东安区,距五洲国际商贸博览城 约122米,距福海茗珠酒店 约460米",129.61203,44.53793,0.0,4
427,427,428,428,428,428,,2017-04-03 21:25:44,0,4,"ACC开,3D定位,天线正常","黑龙江省牡丹江市东安区,距五洲国际商贸博览城 约122米,距福海茗珠酒店 约460米",129.61203,44.53793,0.0,4
428,428,429,429,429,429,,2017-04-03 21:29:01,0,4,"ACC开,3D定位,天线正常","黑龙江省牡丹江市东安区,距五洲国际商贸博览城 约122米,距福海茗珠酒店 约460米",129.61203,44.53793,0.0,4
429,429,430,430,430,430,,2017-04-03 21:32:17,0,4,"ACC开,3D定位,天线正常","黑龙江省牡丹江市东安区,距五洲国际商贸博览城 约122米,距福海茗珠酒店 约460米",129.61203,44.53793,0.0,4
430,430,431,431,431,431,,2017-04-03 21:35:33,0,4,"ACC开,3D定位,天线正常","黑龙江省牡丹江市东安区,距五洲国际商贸博览城 约122米,距福海茗珠酒店 约460米",129.61203,44.53793,0.0,4
431,431,432,432,432,432,,2017-04-03 21:38:49,0,4,"ACC开,3D定位,天线正常","黑龙江省牡丹江市东安区,距五洲国际商贸博览城 约122米,距福海茗珠酒店 约460米",129.61203,44.53793,0.0,4
432,432,433,433,433,433,,2017-04-03 21:42:05,0,4,"ACC开,3D定位,天线正常","黑龙江省牡丹江市东安区,距五洲国际商贸博览城 约122米,距福海茗珠酒店 约460米",129.61203,44.53793,0.0,4
433,433,434,434,434,434,,2017-04-03 21:45:22,0,4,"ACC开,3D定位,天线正常","黑龙江省牡丹江市东安区,距五洲国际商贸博览城 约122米,距福海茗珠酒店 约460米",129.61203,44.53793,0.0,4
434,434,435,435,435,435,,2017-04-03 21:48:38,0,4,"ACC开,3D定位,天线正常","黑龙江省牡丹江市东安区,距五洲国际商贸博览城 约122米,距福海茗珠酒店 约460米",129.61203,44.53793,0.0,4
435,435,436,436,436,436,,2017-04-03 21:51:54,0,4,"ACC开,3D定位,天线正常","黑龙江省牡丹江市东安区,距五洲国际商贸博览城 约122米,距福海茗珠酒店 约460米",129.61203,44.53793,0.0,4
436,436,437,437,437,437,,2017-04-03 21:55:10,0,4,"ACC开,3D定位,天线正常","黑龙江省牡丹江市东安区,距五洲国际商贸博览城 约122米,距福海茗珠酒店 约460米",129.61203,44.53793,0.0,4
437,437,438,438,438,438,,2017-04-03 21:58:25,0,4,"ACC开,3D定位,天线正常","黑龙江省牡丹江市东安区,距五洲国际商贸博览城 约122米,距福海茗珠酒店 约460米",129.61203,44.53793,0.0,4
438,438,439,439,439,439,,2017-04-03 22:01:42,0,4,"ACC开,3D定位,天线正常","黑龙江省牡丹江市东安区,距五洲国际商贸博览城 约122米,距福海茗珠酒店 约460米",129.61203,44.53793,0.0,4
439,439,440,440,440,440,,2017-04-03 22:04:59,0,4,"ACC开,3D定位,天线正常","黑龙江省牡丹江市东安区,距五洲国际商贸博览城 约122米,距福海茗珠酒店 约460米",129.61203,44.53793,0.0,4
440,440,441,441,441,441,,2017-04-03 22:08:15,0,4,"ACC开,3D定位,天线正常","黑龙江省牡丹江市东安区,距五洲国际商贸博览城 约122米,距福海茗珠酒店 约460米",129.61203,44.53793,0.0,4
441,441,442,442,442,442,,2017-04-03 22:11:31,0,4,"ACC开,3D定位,天线正常","黑龙江省牡丹江市东安区,距五洲国际商贸博览城 约122米,距福海茗珠酒店 约460米",129.61203,44.53793,0.0,4
442,442,443,443,443,443,,2017-04-03 22:14:47,0,4,"ACC开,3D定位,天线正常","黑龙江省牡丹江市东安区,距五洲国际商贸博览城 约122米,距福海茗珠酒店 约460米",129.61203,44.53793,0.0,4
443,443,444,444,444,444,,2017-04-03 22:18:02,0,4,"ACC开,3D定位,天线正常","黑龙江省牡丹江市东安区,距五洲国际商贸博览城 约122米,距福海茗珠酒店 约460米",129.61203,44.53793,0.0,4
444,444,445,445,445,445,,2017-04-03 22:21:20,0,4,"ACC开,3D定位,天线正常","黑龙江省牡丹江市东安区,距五洲国际商贸博览城 约122米,距福海茗珠酒店 约460米",129.61203,44.53793,0.0,4
445,445,446,446,446,446,,2017-04-03 22:24:36,0,4,"ACC开,3D定位,天线正常","黑龙江省牡丹江市东安区,距五洲国际商贸博览城 约122米,距福海茗珠酒店 约460米",129.61203,44.53793,0.0,4
446,446,447,447,447,447,,2017-04-03 22:27:52,0,4,"ACC开,3D定位,天线正常","黑龙江省牡丹江市东安区,距五洲国际商贸博览城 约122米,距福海茗珠酒店 约460米",129.61203,44.53793,0.0,4
447,447,448,448,448,448,,2017-04-03 22:31:08,0,4,"ACC开,3D定位,天线正常","黑龙江省牡丹江市东安区,距五洲国际商贸博览城 约122米,距福海茗珠酒店 约460米",129.61203,44.53793,0.0,4
448,448,449,449,449,449,,2017-04-03 22:36:45,0,4,"ACC开,3D定位,天线正常","黑龙江省牡丹江市东安区,距五洲国际商贸博览城 约122米,距福海茗珠酒店 约460米",129.61203,44.53793,0.0,4
449,449,450,450,450,450,,2017-04-03 22:40:02,0,4,"ACC开,3D定位,天线正常","黑龙江省牡丹江市东安区,距五洲国际商贸博览城 约122米,距福海茗珠酒店 约460米",129.61203,44.53793,0.0,4
450,450,451,451,451,451,,2017-04-03 22:43:18,0,4,"ACC开,3D定位,天线正常","黑龙江省牡丹江市东安区,距五洲国际商贸博览城 约122米,距福海茗珠酒店 约460米",129.61203,44.53793,0.0,4
451,451,452,452,452,452,,2017-04-03 22:46:34,0,4,"ACC开,3D定位,天线正常","黑龙江省牡丹江市东安区,距五洲国际商贸博览城 约122米,距福海茗珠酒店 约460米",129.61203,44.53793,0.0,4
452,452,453,453,453,453,,2017-04-03 22:49:50,0,4,"ACC开,3D定位,天线正常","黑龙江省牡丹江市东安区,距五洲国际商贸博览城 约122米,距福海茗珠酒店 约460米",129.61203,44.53793,0.0,4
453,453,454,454,454,454,,2017-04-03 22:53:06,0,4,"ACC开,3D定位,天线正常","黑龙江省牡丹江市东安区,距五洲国际商贸博览城 约122米,距福海茗珠酒店 约460米",129.61203,44.53793,0.0,4
454,454,455,455,455,455,,2017-04-03 22:56:23,0,4,"ACC开,3D定位,天线正常","黑龙江省牡丹江市东安区,距五洲国际商贸博览城 约122米,距福海茗珠酒店 约460米",129.61203,44.53793,0.0,4
455,455,456,456,456,456,,2017-04-03 22:59:39,0,4,"ACC开,3D定位,天线正常","黑龙江省牡丹江市东安区,距五洲国际商贸博览城 约122米,距福海茗珠酒店 约460米",129.61203,44.53793,0.0,4
456,456,457,457,457,457,,2017-04-03 23:02:55,0,4,"ACC开,3D定位,天线正常","黑龙江省牡丹江市东安区,距五洲国际商贸博览城 约122米,距福海茗珠酒店 约460米",129.61203,44.53793,0.0,4
457,457,458,458,458,458,,2017-04-03 23:06:12,0,4,"ACC开,3D定位,天线正常","黑龙江省牡丹江市东安区,距五洲国际商贸博览城 约122米,距福海茗珠酒店 约460米",129.61203,44.53793,0.0,4
458,458,459,459,459,459,,2017-04-03 23:09:27,0,4,"ACC开,3D定位,天线正常","黑龙江省牡丹江市东安区,距五洲国际商贸博览城 约122米,距福海茗珠酒店 约460米",129.61203,44.53793,0.0,4
459,459,460,460,460,460,,2017-04-03 23:12:44,0,4,"ACC开,3D定位,天线正常","黑龙江省牡丹江市东安区,距五洲国际商贸博览城 约122米,距福海茗珠酒店 约460米",129.61203,44.53793,0.0,4
460,460,461,461,461,461,,2017-04-03 23:16:00,0,4,"ACC开,3D定位,天线正常","黑龙江省牡丹江市东安区,距五洲国际商贸博览城 约122米,距福海茗珠酒店 约460米",129.61203,44.53793,0.0,4
461,461,462,462,462,462,,2017-04-03 23:19:16,0,4,"ACC开,3D定位,天线正常","黑龙江省牡丹江市东安区,距五洲国际商贸博览城 约122米,距福海茗珠酒店 约460米",129.61203,44.53793,0.0,4
462,462,463,463,463,463,,2017-04-03 23:22:32,0,4,"ACC开,3D定位,天线正常","黑龙江省牡丹江市东安区,距五洲国际商贸博览城 约122米,距福海茗珠酒店 约460米",129.61203,44.53793,0.0,4
463,463,464,464,464,464,,2017-04-03 23:25:48,0,4,"ACC开,3D定位,天线正常","黑龙江省牡丹江市东安区,距五洲国际商贸博览城 约122米,距福海茗珠酒店 约460米",129.61203,44.53793,0.0,4
464,464,465,465,465,465,,2017-04-03 23:29:04,0,4,"ACC开,3D定位,天线正常","黑龙江省牡丹江市东安区,距五洲国际商贸博览城 约122米,距福海茗珠酒店 约460米",129.61203,44.53793,0.0,4
465,465,466,466,466,466,,2017-04-03 23:32:21,0,4,"ACC开,3D定位,天线正常","黑龙江省牡丹江市东安区,距五洲国际商贸博览城 约122米,距福海茗珠酒店 约460米",129.61203,44.53793,0.0,4
466,466,467,467,467,467,,2017-04-03 23:35:37,0,4,"ACC开,3D定位,天线正常","黑龙江省牡丹江市东安区,距五洲国际商贸博览城 约122米,距福海茗珠酒店 约460米",129.61203,44.53793,0.0,4
467,467,468,468,468,468,,2017-04-03 23:38:53,0,4,"ACC开,3D定位,天线正常","黑龙江省牡丹江市东安区,距五洲国际商贸博览城 约122米,距福海茗珠酒店 约460米",129.61203,44.53793,0.0,4
468,468,469,469,469,469,,2017-04-03 23:42:09,0,4,"ACC开,3D定位,天线正常","黑龙江省牡丹江市东安区,距五洲国际商贸博览城 约122米,距福海茗珠酒店 约460米",129.61203,44.53793,0.0,4
469,469,470,470,470,470,,2017-04-03 23:45:26,0,4,"ACC开,3D定位,天线正常","黑龙江省牡丹江市东安区,距五洲国际商贸博览城 约122米,距福海茗珠酒店 约460米",129.61203,44.53793,0.0,4
470,470,471,471,471,471,,2017-04-03 23:48:42,0,4,"ACC开,3D定位,天线正常","黑龙江省牡丹江市东安区,距五洲国际商贸博览城 约122米,距福海茗珠酒店 约460米",129.61203,44.53793,0.0,4
471,471,472,472,472,472,,2017-04-03 23:51:58,0,4,"ACC开,3D定位,天线正常","黑龙江省牡丹江市东安区,距五洲国际商贸博览城 约122米,距福海茗珠酒店 约460米",129.61203,44.53793,0.0,4
472,472,473,473,473,473,,2017-04-03 23:55:14,0,4,"ACC开,3D定位,天线正常","黑龙江省牡丹江市东安区,距五洲国际商贸博览城 约122米,距福海茗珠酒店 约460米",129.61203,44.53793,0.0,4
473,473,474,474,474,474,,2017-04-03 23:58:31,0,4,"ACC开,3D定位,天线正常","黑龙江省牡丹江市东安区,距五洲国际商贸博览城 约122米,距福海茗珠酒店 约460米",129.61203,44.53793,0.0,4
