Unnamed: 0,Unnamed: 0.1,Unnamed: 0.1.1,Index,Date and Time,Speed (km/h),Distance traveled (km).1,Status,Position,Longitude,Latitude,Distance_geopy,Distance traveled (km)
0,0,0,,2017-05-12 10:50:03,0.0,0,"ACC开,3D定位,天线正常","湖南省常德市鼎城区G207(锡海线),距鼎城永欣机械制造公司 约184米,距石板滩中学 约327米",111.64021100000001,29.162194,,0
1,1,1,,2017-05-12 10:50:33,0.0,0,"ACC开,3D定位,天线正常","湖南省常德市鼎城区G207(锡海线),距鼎城永欣机械制造公司 约184米,距石板滩中学 约327米",111.64021100000001,29.162194,0.0,0
2,2,2,,2017-05-12 10:51:03,0.0,0,"ACC开,3D定位,天线正常","湖南省常德市鼎城区G207(锡海线),距鼎城永欣机械制造公司 约184米,距石板滩中学 约327米",111.64021100000001,29.162194,0.0,0
3,3,3,,2017-05-12 10:51:33,0.0,0,"ACC开,3D定位,天线正常","湖南省常德市鼎城区G207(锡海线),距鼎城永欣机械制造公司 约184米,距石板滩中学 约327米",111.64021100000001,29.162194,0.0,0
4,4,4,,2017-05-12 10:52:03,0.0,0,"ACC开,3D定位,天线正常","湖南省常德市鼎城区G207(锡海线),距鼎城永欣机械制造公司 约184米,距石板滩中学 约327米",111.64021100000001,29.162194,0.0,0
5,5,5,,2017-05-12 10:52:33,0.0,0,"ACC开,3D定位,天线正常","湖南省常德市鼎城区G207(锡海线),距鼎城永欣机械制造公司 约184米,距石板滩中学 约327米",111.64021100000001,29.162194,0.0,0
6,6,6,,2017-05-12 10:53:03,0.0,0,"ACC开,3D定位,天线正常","湖南省常德市鼎城区G207(锡海线),距鼎城永欣机械制造公司 约184米,距石板滩中学 约327米",111.64021100000001,29.162194,0.0,0
7,7,7,,2017-05-12 10:53:33,0.0,0,"ACC开,3D定位,天线正常","湖南省常德市鼎城区G207(锡海线),距鼎城永欣机械制造公司 约184米,距石板滩中学 约327米",111.64021100000001,29.162194,0.0,0
8,8,8,,2017-05-12 10:54:03,0.0,0,"ACC开,3D定位,天线正常","湖南省常德市鼎城区G207(锡海线),距鼎城永欣机械制造公司 约184米,距石板滩中学 约327米",111.64021100000001,29.162194,0.0,0
9,9,9,,2017-05-12 10:54:33,0.0,0,"ACC开,3D定位,天线正常","湖南省常德市鼎城区G207(锡海线),距鼎城永欣机械制造公司 约184米,距石板滩中学 约327米",111.64021100000001,29.162194,0.0,0
10,10,10,,2017-05-12 10:55:03,0.0,0,"ACC开,3D定位,天线正常","湖南省常德市鼎城区G207(锡海线),距鼎城永欣机械制造公司 约184米,距石板滩中学 约327米",111.64021100000001,29.162194,0.0,0
11,11,11,,2017-05-12 10:55:33,0.0,0,"ACC开,3D定位,天线正常","湖南省常德市鼎城区G207(锡海线),距鼎城永欣机械制造公司 约184米,距石板滩中学 约327米",111.64021100000001,29.162194,0.0,0
12,12,12,,2017-05-12 10:56:03,0.0,0,"ACC开,3D定位,天线正常","湖南省常德市鼎城区G207(锡海线),距鼎城永欣机械制造公司 约184米,距石板滩中学 约327米",111.64021100000001,29.162194,0.0,0
13,13,13,,2017-05-12 10:56:33,0.0,0,"ACC开,3D定位,天线正常","湖南省常德市鼎城区G207(锡海线),距鼎城永欣机械制造公司 约184米,距石板滩中学 约327米",111.64021100000001,29.162194,0.0,0
14,14,14,,2017-05-12 10:57:03,0.0,0,"ACC开,3D定位,天线正常","湖南省常德市鼎城区G207(锡海线),距鼎城永欣机械制造公司 约184米,距石板滩中学 约327米",111.64021100000001,29.162194,0.0,0
15,15,15,,2017-05-12 10:57:33,0.0,0,"ACC开,3D定位,天线正常","湖南省常德市鼎城区G207(锡海线),距鼎城永欣机械制造公司 约184米,距石板滩中学 约327米",111.64021100000001,29.162194,0.0,0
16,16,16,,2017-05-12 10:58:03,0.0,0,"ACC开,3D定位,天线正常","湖南省常德市鼎城区G207(锡海线),距鼎城永欣机械制造公司 约184米,距石板滩中学 约327米",111.64021100000001,29.162194,0.0,0
17,17,17,,2017-05-12 10:58:33,0.0,0,"ACC开,3D定位,天线正常","湖南省常德市鼎城区G207(锡海线),距鼎城永欣机械制造公司 约184米,距石板滩中学 约327米",111.64021100000001,29.162194,0.0,0
18,18,18,,2017-05-12 10:59:03,0.0,0,"ACC开,3D定位,天线正常","湖南省常德市鼎城区G207(锡海线),距鼎城永欣机械制造公司 约184米,距石板滩中学 约327米",111.64021100000001,29.162194,0.0,0
19,19,19,,2017-05-12 10:59:33,0.0,0,"ACC开,3D定位,天线正常","湖南省常德市鼎城区G207(锡海线),距鼎城永欣机械制造公司 约184米,距石板滩中学 约327米",111.64021100000001,29.162194,0.0,0
20,20,20,,2017-05-12 11:00:03,0.0,0,"ACC开,3D定位,天线正常","湖南省常德市鼎城区G207(锡海线),距鼎城永欣机械制造公司 约184米,距石板滩中学 约327米",111.64021100000001,29.162194,0.0,0
21,21,21,,2017-05-12 11:00:33,0.0,0,"ACC开,3D定位,天线正常","湖南省常德市鼎城区G207(锡海线),距鼎城永欣机械制造公司 约184米,距石板滩中学 约327米",111.64021100000001,29.162194,0.0,0
22,22,22,,2017-05-12 11:01:03,0.0,0,"ACC开,3D定位,天线正常","湖南省常德市鼎城区G207(锡海线),距鼎城永欣机械制造公司 约184米,距石板滩中学 约327米",111.64021100000001,29.162194,0.0,0
23,23,23,,2017-05-12 11:01:33,0.0,0,"ACC开,3D定位,天线正常","湖南省常德市鼎城区G207(锡海线),距鼎城永欣机械制造公司 约184米,距石板滩中学 约327米",111.64021100000001,29.162194,0.0,0
24,24,24,,2017-05-12 11:02:03,0.0,0,"ACC开,3D定位,天线正常","湖南省常德市鼎城区G207(锡海线),距鼎城永欣机械制造公司 约184米,距石板滩中学 约327米",111.64021100000001,29.162194,0.0,0
25,25,25,,2017-05-12 11:02:33,0.0,0,"ACC开,3D定位,天线正常","湖南省常德市鼎城区G207(锡海线),距鼎城永欣机械制造公司 约184米,距石板滩中学 约327米",111.64021100000001,29.162194,0.0,0
26,26,26,,2017-05-12 11:03:03,0.0,0,"ACC开,3D定位,天线正常","湖南省常德市鼎城区G207(锡海线),距鼎城永欣机械制造公司 约184米,距石板滩中学 约327米",111.64021100000001,29.162194,0.0,0
27,27,27,,2017-05-12 11:03:33,0.0,0,"ACC开,3D定位,天线正常","湖南省常德市鼎城区G207(锡海线),距鼎城永欣机械制造公司 约184米,距石板滩中学 约327米",111.64021100000001,29.162194,0.0,0
28,28,28,,2017-05-12 11:04:03,0.0,0,"ACC开,3D定位,天线正常","湖南省常德市鼎城区G207(锡海线),距鼎城永欣机械制造公司 约184米,距石板滩中学 约327米",111.64021100000001,29.162194,0.0,0
29,29,29,,2017-05-12 11:04:33,0.0,0,"ACC开,3D定位,天线正常","湖南省常德市鼎城区G207(锡海线),距鼎城永欣机械制造公司 约184米,距石板滩中学 约327米",111.64021100000001,29.162194,0.0,0
30,30,30,,2017-05-12 11:05:03,0.0,0,"ACC开,3D定位,天线正常","湖南省常德市鼎城区G207(锡海线),距鼎城永欣机械制造公司 约184米,距石板滩中学 约327米",111.64021100000001,29.162194,0.0,0
31,31,31,,2017-05-12 11:05:33,0.0,0,"ACC开,3D定位,天线正常","湖南省常德市鼎城区G207(锡海线),距鼎城永欣机械制造公司 约184米,距石板滩中学 约327米",111.64021100000001,29.162194,0.0,0
32,32,32,,2017-05-12 11:06:03,0.0,0,"ACC开,3D定位,天线正常","湖南省常德市鼎城区G207(锡海线),距鼎城永欣机械制造公司 约184米,距石板滩中学 约327米",111.64021100000001,29.162194,0.0,0
33,33,33,,2017-05-12 11:06:33,0.0,0,"ACC开,3D定位,天线正常","湖南省常德市鼎城区G207(锡海线),距鼎城永欣机械制造公司 约184米,距石板滩中学 约327米",111.64021100000001,29.162194,0.0,0
34,34,34,,2017-05-12 11:07:03,0.0,0,"ACC开,3D定位,天线正常","湖南省常德市鼎城区G207(锡海线),距鼎城永欣机械制造公司 约184米,距石板滩中学 约327米",111.64021100000001,29.162194,0.0,0
35,35,35,,2017-05-12 11:07:33,0.0,0,"ACC开,3D定位,天线正常","湖南省常德市鼎城区G207(锡海线),距鼎城永欣机械制造公司 约184米,距石板滩中学 约327米",111.64021100000001,29.162194,0.0,0
36,36,36,,2017-05-12 11:08:03,0.0,0,"ACC开,3D定位,天线正常","湖南省常德市鼎城区G207(锡海线),距鼎城永欣机械制造公司 约184米,距石板滩中学 约327米",111.64021100000001,29.162194,0.0,0
37,37,37,,2017-05-12 11:08:33,0.0,0,"ACC开,3D定位,天线正常","湖南省常德市鼎城区G207(锡海线),距鼎城永欣机械制造公司 约184米,距石板滩中学 约327米",111.64021100000001,29.162194,0.0,0
38,38,38,,2017-05-12 11:09:03,0.0,0,"ACC开,3D定位,天线正常","湖南省常德市鼎城区G207(锡海线),距鼎城永欣机械制造公司 约184米,距石板滩中学 约327米",111.64021100000001,29.162194,0.0,0
39,39,39,,2017-05-12 11:09:33,0.0,0,"ACC开,3D定位,天线正常","湖南省常德市鼎城区G207(锡海线),距鼎城永欣机械制造公司 约184米,距石板滩中学 约327米",111.64021100000001,29.162194,0.0,0
40,40,40,,2017-05-12 11:10:03,0.0,0,"ACC开,3D定位,天线正常","湖南省常德市鼎城区G207(锡海线),距鼎城永欣机械制造公司 约184米,距石板滩中学 约327米",111.64021100000001,29.162194,0.0,0
41,41,41,,2017-05-12 11:10:33,8.7,0,"ACC开,3D定位,天线正常","湖南省常德市鼎城区G207(锡海线),距鼎城永欣机械制造公司 约195米,距石板滩中学 约336米",111.64035,29.162201,13.519382933882921,0
42,42,42,,2017-05-12 11:11:23,20.6,0,"ACC开,3D定位,天线正常","湖南省常德市鼎城区G207(锡海线),距石板滩中学 约172米,距鼎城永欣机械制造公司 约201米",111.638718,29.16293,177.99665222256638,0
43,43,43,,2017-05-12 11:11:53,26.6,0,"ACC开,3D定位,天线正常","湖南省常德市鼎城区G207(锡海线),距石板滩中学 约191米,距鼎城永欣机械制造公司 约308米",111.63646299999999,29.163016,219.1685004433541,0
44,44,44,,2017-05-12 11:12:18,19.2,0,"ACC开,3D定位,天线正常","湖南省常德市鼎城区,距石板滩中学 约305米,距鼎城永欣机械制造公司 约360米",111.63542,29.162494,116.72938379539112,0
45,45,45,,2017-05-12 11:12:48,26.2,0,"ACC开,3D定位,天线正常","湖南省常德市鼎城区,距鼎城永欣机械制造公司 约324米,距常德金德山水泥有限公司 约419米",111.635529,29.160421000000003,230.75026957599357,0
46,46,46,,2017-05-12 11:13:35,0.0,0,"ACC开,3D定位,天线正常","湖南省常德市鼎城区,距鼎城永欣机械制造公司 约351米,距常德金德山水泥有限公司 约396米",111.63555900000001,29.15966,84.66958598594725,0
47,47,47,,2017-05-12 11:14:05,9.1,0,"ACC开,3D定位,天线正常","湖南省常德市鼎城区,距鼎城永欣机械制造公司 约373米,距常德金德山水泥有限公司 约407米",111.635426,29.159474,24.38331493973705,0
48,48,48,,2017-05-12 11:14:45,18.5,0,"ACC开,3D定位,天线正常","湖南省常德市鼎城区,距常德金德山水泥有限公司 约355米,距鼎城永欣机械制造公司 约411米",111.63610600000001,29.15823300000001,152.97749260380172,0
49,49,49,,2017-05-12 11:15:15,14.9,0,"ACC开,3D定位,天线正常","湖南省常德市鼎城区,距常德金德山水泥有限公司 约458米,距常德市鼎城区石板滩卫生院-预防接种门诊 约516米",111.63555600000001,29.157051,141.8692949067066,0
50,50,50,,2017-05-12 11:15:45,31.7,1,"ACC开,3D定位,天线正常","湖南省常德市鼎城区,距余家岗 约536米,距常德市鼎城区石板滩卫生院-预防接种门诊 约606米",111.634703,29.155421,199.27840724512916,1
51,51,51,,2017-05-12 11:16:15,47.3,1,"ACC开,3D定位,天线正常","湖南省常德市鼎城区,距余家岗 约443米,距大堰 约651米",111.63232099999999,29.154233,266.37297862917154,1
52,52,52,,2017-05-12 11:16:40,10.9,1,"ACC开,3D定位,天线正常","湖南省常德市鼎城区,距余家岗 约455米,距大堰 约575米",111.630851,29.153546000000002,161.90401437057963,1
53,53,53,,2017-05-12 11:17:04,0.0,1,"ACC开,3D定位,天线正常","湖南省常德市鼎城区,距余家岗 约511米,距大堰 约535米",111.629695,29.15292800000001,131.62093556943958,1
54,54,54,,2017-05-12 11:17:53,46.3,1,"ACC开,3D定位,天线正常","湖南省常德市鼎城区,距古堤桥 约349米,距大堰 约364米",111.628666,29.150447999999997,293.31040413123316,1
55,55,55,,2017-05-12 11:18:23,57.0,2,"ACC开,3D定位,天线正常","湖南省常德市鼎城区,距新堰 约165米,距小堰 约251米",111.62732,29.146905,415.08314990590264,2
56,56,56,,2017-05-12 11:18:53,55.1,2,"ACC开,3D定位,天线正常","湖南省常德市鼎城区,距小堰 约272米,距新堰 约316米",111.625653,29.14306,457.1699049652557,2
57,57,57,,2017-05-12 11:19:23,49.8,3,"ACC开,3D定位,天线正常","湖南省常德市鼎城区,距皇家湾 约383米,距锥子岗 约537米",111.62425800000001,29.13960800000001,407.0538613590142,3
58,58,58,,2017-05-12 11:19:53,53.5,3,"ACC开,3D定位,天线正常","湖南省常德市鼎城区,距皇家湾 约149米,距陈家冲 约317米",111.623089,29.136190999999997,396.5544636975235,3
59,59,59,,2017-05-12 11:20:23,50.3,3,"ACC开,3D定位,天线正常","湖南省常德市鼎城区G56(杭瑞高速),距陈家冲 约173米,距皇家湾 约493米",111.622069,29.132321,441.58161400276634,3
60,60,60,,2017-05-12 11:20:53,37.6,4,"ACC开,3D定位,天线正常","湖南省常德市鼎城区G56(杭瑞高速),距湖南新湘达门窗有限公司 约301米,距陈家冲 约468米",111.621293,29.129548,317.4225400388105,4
61,61,61,,2017-05-12 11:21:23,41.5,4,"ACC开,3D定位,天线正常","湖南省常德市鼎城区,距湖南新湘达门窗有限公司 约261米,距铁山村 约558米",111.620676,29.126744,317.49856575998786,4
62,62,62,,2017-05-12 11:21:53,19.8,4,"ACC开,3D定位,天线正常","湖南省常德市鼎城区,距兄弟餐馆 约371米,距湖南新湘达门窗有限公司 约444米",111.620171,29.124468,257.790041722248,4
63,63,63,,2017-05-12 11:22:23,44.8,5,"ACC开,3D定位,天线正常","湖南省常德市鼎城区,距兄弟餐馆 约146米,距王家塝 约439米",111.619556,29.121646000000002,319.42848640107985,5
64,64,64,,2017-05-12 11:22:53,38.8,5,"ACC开,3D定位,天线正常","湖南省常德市鼎城区,距王家塝 约223米,距兄弟餐馆 约352米",111.61868999999999,29.118553000000002,354.06512526623595,5
65,65,65,,2017-05-12 11:23:23,37.0,5,"ACC开,3D定位,天线正常","湖南省常德市鼎城区,距湖南和畅(常德)食品科技有限公司 约168米,距湖南粤港模科实业有限公司 约199米",111.61766000000001,29.116213000000002,278.7716434121714,5
66,66,66,,2017-05-12 11:23:53,30.6,6,"ACC开,3D定位,天线正常","湖南省常德市鼎城区,距常德科技创新创业孵化产业园 约38米,距湖南粤港模科实业有限公司 约77米",111.616749,29.113865999999998,275.5720676727892,6
67,67,67,,2017-05-12 11:24:23,30.1,6,"ACC开,3D定位,天线正常","湖南省常德市鼎城区,距常德科技创新创业孵化产业园 约294米,距郑家溶 约315米",111.61631499999999,29.111490999999997,267.4327346515989,6
68,68,68,,2017-05-12 11:24:53,34.3,6,"ACC开,3D定位,天线正常","湖南省常德市鼎城区,距朱家溶 约219米,距五里岗村 约280米",111.615976,29.109059999999996,272.31408401627243,6
69,69,69,,2017-05-12 11:25:23,43.0,6,"ACC开,3D定位,天线正常","湖南省常德市鼎城区,距五里岗村 约249米,距朱家溶 约351米",111.61582299999999,29.105943,346.9136682535293,6
70,70,70,,2017-05-12 11:25:53,43.3,7,"ACC开,3D定位,天线正常","湖南省常德市鼎城区,距湖南昊宇幕墙门窗有限公司 约116米,距廖家岗 约281米",111.61565300000001,29.102395,394.8657309625261,7
71,71,71,,2017-05-12 11:26:23,37.4,7,"ACC开,3D定位,天线正常","湖南省常德市鼎城区,距廖家岗 约247米,距湖南昊宇幕墙门窗有限公司 约353米",111.61592900000001,29.099028000000004,375.3529497517712,7
72,72,72,,2017-05-12 11:26:53,40.3,7,"ACC开,3D定位,天线正常","湖南省常德市鼎城区,距廖家岗 约453米,距徐家湾 约525米",111.616165,29.096796,249.24442853599098,7
73,73,73,,2017-05-12 11:27:23,50.0,8,"ACC开,3D定位,天线正常","湖南省常德市鼎城区,距白马岗村 约378米,距徐家湾 约586米",111.616376,29.094526000000002,253.24405477635327,8
74,74,74,,2017-05-12 11:27:53,31.7,8,"ACC开,3D定位,天线正常","湖南省常德市鼎城区,距白马岗村 约386米,距熊家塝 约429米",111.61735300000001,29.091155999999998,386.56508513669917,8
75,75,75,,2017-05-12 11:28:23,19.1,8,"ACC开,3D定位,天线正常","湖南省常德市鼎城区,距熊家塝 约403米,距白马岗村 约542米",111.61829099999999,29.089589,196.64108090686625,8
76,76,76,,2017-05-12 11:28:53,11.1,8,"ACC开,3D定位,天线正常","湖南省常德市鼎城区,距熊家塝 约427米,距廖家坪 约522米",111.61882299999999,29.088486,133.0971981818202,8
77,77,77,,2017-05-12 11:29:23,45.3,9,"ACC开,3D定位,天线正常","湖南省常德市武陵区,距樟树垱 约498米,距熊家塝 约532米",111.619583,29.086628,219.40273400903175,9
78,78,78,,2017-05-12 11:29:48,31.7,9,"ACC开,3D定位,天线正常","湖南省常德市武陵区,距樟树垱 约447米,距白鹤庵村 约468米",111.62003999999999,29.085198,165.09363028260768,9
79,79,79,,2017-05-12 11:30:18,46.8,9,"ACC开,3D定位,天线正常","湖南省常德市武陵区,距樟树垱 约221米,距白鹤庵村 约360米",111.622693,29.084633,265.345798379266,9
80,80,80,,2017-05-12 11:30:48,41.6,9,"ACC开,3D定位,天线正常","湖南省常德市武陵区,距樟树垱 约233米,距双解口 约250米",111.625275,29.083708,271.1675487831477,9
81,81,81,,2017-05-12 11:31:18,40.4,10,"ACC开,3D定位,天线正常","湖南省常德市武陵区,距双解口 约292米,距四口堰 约473米",111.628121,29.082618,301.9530431654341,10
82,82,82,,2017-05-12 11:31:48,35.7,10,"ACC开,3D定位,天线正常","湖南省常德市武陵区,距高桥 约150米,距四口堰 约276米",111.631891,29.08121400000001,398.2315406023354,10
83,83,83,,2017-05-12 11:32:18,13.7,10,"ACC开,3D定位,天线正常","湖南省常德市武陵区G207(常澧路),距高桥 约163米,距四口堰 约320米",111.633468,29.080716,162.94619440958283,10
84,84,84,,2017-05-12 11:32:48,42.2,10,"ACC开,3D定位,天线正常","湖南省常德市鼎城区G207(常澧路),距三兴档村 约327米,距高桥 约352米",111.63571100000001,29.07985,238.29295399986137,10
85,85,85,,2017-05-12 11:33:18,42.4,11,"ACC开,3D定位,天线正常","湖南省常德市鼎城区G207(常澧路),距三星当村 约155米,距湖南紫竹源餐饮服务有限公司 约178米",111.63858400000001,29.078691,307.5034358872898,11
86,86,86,,2017-05-12 11:33:48,38.6,11,"ACC开,3D定位,天线正常","湖南省常德市鼎城区,距三星当村 约371米,距紫色光广告传播 约371米",111.641883,29.077455,348.8136983721918,11
87,87,87,,2017-05-12 11:34:36,60.8,11,"ACC开,3D定位,天线正常","湖南省常德市鼎城区G207(常澧路),距中共三星垱支部委员会 约54米,距柳园 约271米",111.643483,29.074303999999998,383.3283411869433,11
88,88,88,,2017-05-12 11:35:06,53.8,12,"ACC开,3D定位,天线正常","湖南省常德市武陵区G207(常澧路),距柳园-西门 约234米,距柳园 约245米",111.64343799999999,29.069663000000002,516.0749143556193,12
89,89,89,,2017-05-12 11:35:36,49.3,12,"ACC开,3D定位,天线正常","湖南省常德市武陵区,距果然好超市(开心果店) 约320米,距河洑派出所 约336米",111.643451,29.065047999999997,513.1668667853712,12
90,90,90,,2017-05-12 11:36:12,20.2,12,"ACC开,3D定位,天线正常","湖南省常德市武陵区,距阳光超市 约376米,距家家福超市(常澧路) 约379米",111.643381,29.063973999999998,119.61715816586384,12
91,91,91,,2017-05-12 11:36:42,63.8,13,"ACC开,3D定位,天线正常","湖南省常德市武陵区,距合兴村 约376米,距河洑镇 约545米",111.64343000000001,29.060645,370.1990695889744,13
92,92,92,,2017-05-12 11:37:12,48.7,13,"ACC开,3D定位,天线正常","湖南省常德市武陵区柳叶大道辅路,距合兴村村委会 约65米,距合兴村 约135米",111.64346499999999,29.056117999999998,503.3916394058628,13
93,93,93,,2017-05-12 11:37:57,59.6,14,"ACC开,3D定位,天线正常","湖南省常德市武陵区合兴路,距岩桥安置小区 约250米,距湖南申湘常德天衡汽车销售服务有限公 约389米",111.64855800000001,29.05585300000001,495.91931665160484,14
94,94,94,,2017-05-12 11:38:21,0.0,14,"ACC开,3D定位,天线正常","湖南省常德市武陵区柳叶大道辅路,距湖南申湘常德天衡汽车销售服务有限公 约218米,距岩桥安置小区 约274米",111.65091100000001,29.055954999999997,228.99445288132046,14
95,95,95,,2017-05-12 11:38:51,0.0,14,"ACC开,3D定位,天线正常","湖南省常德市武陵区柳叶大道辅路,距湖南申湘常德天衡汽车销售服务有限公 约218米,距岩桥安置小区 约274米",111.650906,29.055954999999997,0.4860035895079202,14
96,96,96,,2017-05-12 11:39:21,0.0,14,"ACC开,3D定位,天线正常","湖南省常德市武陵区柳叶大道辅路,距湖南申湘常德天衡汽车销售服务有限公 约218米,距岩桥安置小区 约274米",111.650906,29.055954999999997,0.0,14
97,97,97,,2017-05-12 11:39:51,0.0,14,"ACC开,3D定位,天线正常","湖南省常德市武陵区柳叶大道辅路,距湖南申湘常德天衡汽车销售服务有限公 约218米,距岩桥安置小区 约274米",111.650906,29.055954999999997,0.0,14
98,98,98,,2017-05-12 11:40:21,0.0,14,"ACC开,3D定位,天线正常","湖南省常德市武陵区柳叶大道辅路,距湖南申湘常德天衡汽车销售服务有限公 约218米,距岩桥安置小区 约274米",111.650906,29.055954999999997,0.0,14
99,99,99,,2017-05-12 11:40:51,0.0,14,"ACC开,3D定位,天线正常","湖南省常德市武陵区柳叶大道辅路,距湖南申湘常德天衡汽车销售服务有限公 约218米,距岩桥安置小区 约274米",111.650906,29.055954999999997,0.0,14
100,100,100,,2017-05-12 11:41:21,0.0,14,"ACC开,3D定位,天线正常","湖南省常德市武陵区柳叶大道辅路,距湖南申湘常德天衡汽车销售服务有限公 约218米,距岩桥安置小区 约274米",111.650906,29.055954999999997,0.0,14
101,101,101,,2017-05-12 11:41:56,14.9,14,"ACC开,3D定位,天线正常","湖南省常德市武陵区柳叶大道辅路,距湖南申湘常德天衡汽车销售服务有限公 约178米,距岩桥安置小区 约327米",111.65071100000002,29.05531,74.18314488602199,14
102,102,102,,2017-05-12 11:42:21,2.4,14,"ACC开,3D定位,天线正常","湖南省常德市武陵区合兴路,距湖南申湘常德天衡汽车销售服务有限公 约222米,距岩桥安置小区 约305米",111.65021100000001,29.055365999999996,48.99793630246096,14
103,103,103,,2017-05-12 11:43:13,0.0,14,"ACC开,3D定位,天线正常","湖南省常德市武陵区合兴路,距湖南申湘常德天衡汽车销售服务有限公 约217米,距岩桥安置小区 约303米",111.6503,29.055408,9.831021234687187,14
104,104,104,,2017-05-12 11:43:43,0.0,14,"ACC开,3D定位,天线正常","湖南省常德市武陵区合兴路,距湖南申湘常德天衡汽车销售服务有限公 约217米,距岩桥安置小区 约303米",111.6503,29.055408,0.0,14
105,105,105,,2017-05-12 11:44:13,0.0,14,"ACC开,3D定位,天线正常","湖南省常德市武陵区合兴路,距湖南申湘常德天衡汽车销售服务有限公 约217米,距岩桥安置小区 约303米",111.6503,29.055408,0.0,14
106,106,106,,2017-05-12 11:44:43,0.0,14,"ACC开,3D定位,天线正常","湖南省常德市武陵区合兴路,距湖南申湘常德天衡汽车销售服务有限公 约217米,距岩桥安置小区 约303米",111.6503,29.055408,0.0,14
107,107,107,,2017-05-12 11:45:13,0.0,14,"ACC开,3D定位,天线正常","湖南省常德市武陵区合兴路,距湖南申湘常德天衡汽车销售服务有限公 约217米,距岩桥安置小区 约303米",111.6503,29.055408,0.0,14
108,108,108,,2017-05-12 11:45:43,0.0,14,"ACC开,3D定位,天线正常","湖南省常德市武陵区合兴路,距湖南申湘常德天衡汽车销售服务有限公 约217米,距岩桥安置小区 约303米",111.6503,29.055408,0.0,14
109,109,109,,2017-05-12 11:46:13,0.0,14,"ACC开,3D定位,天线正常","湖南省常德市武陵区合兴路,距湖南申湘常德天衡汽车销售服务有限公 约217米,距岩桥安置小区 约303米",111.6503,29.055408,0.0,14
110,110,110,,2017-05-12 11:46:43,0.0,14,"ACC开,3D定位,天线正常","湖南省常德市武陵区合兴路,距湖南申湘常德天衡汽车销售服务有限公 约217米,距岩桥安置小区 约303米",111.6503,29.055408,0.0,14
111,111,111,,2017-05-12 11:47:13,0.0,14,"ACC开,3D定位,天线正常","湖南省常德市武陵区合兴路,距湖南申湘常德天衡汽车销售服务有限公 约217米,距岩桥安置小区 约303米",111.6503,29.055408,0.0,14
112,112,112,,2017-05-12 11:47:43,0.0,14,"ACC开,3D定位,天线正常","湖南省常德市武陵区合兴路,距湖南申湘常德天衡汽车销售服务有限公 约217米,距岩桥安置小区 约303米",111.6503,29.055408,0.0,14
113,113,113,,2017-05-12 11:48:13,0.0,14,"ACC开,3D定位,天线正常","湖南省常德市武陵区合兴路,距湖南申湘常德天衡汽车销售服务有限公 约217米,距岩桥安置小区 约303米",111.6503,29.055408,0.0,14
114,114,114,,2017-05-12 11:48:43,0.0,14,"ACC开,3D定位,天线正常","湖南省常德市武陵区合兴路,距湖南申湘常德天衡汽车销售服务有限公 约217米,距岩桥安置小区 约303米",111.6503,29.055408,0.0,14
115,115,115,,2017-05-12 11:49:13,0.0,14,"ACC开,3D定位,天线正常","湖南省常德市武陵区合兴路,距湖南申湘常德天衡汽车销售服务有限公 约217米,距岩桥安置小区 约303米",111.6503,29.055408,0.0,14
116,116,116,,2017-05-12 11:49:43,0.0,14,"ACC开,3D定位,天线正常","湖南省常德市武陵区合兴路,距湖南申湘常德天衡汽车销售服务有限公 约217米,距岩桥安置小区 约303米",111.6503,29.055408,0.0,14
117,117,117,,2017-05-12 11:50:13,0.0,14,"ACC开,3D定位,天线正常","湖南省常德市武陵区合兴路,距湖南申湘常德天衡汽车销售服务有限公 约217米,距岩桥安置小区 约303米",111.6503,29.055408,0.0,14
118,118,118,,2017-05-12 11:50:43,0.0,14,"ACC开,3D定位,天线正常","湖南省常德市武陵区合兴路,距湖南申湘常德天衡汽车销售服务有限公 约217米,距岩桥安置小区 约303米",111.6503,29.055408,0.0,14
119,119,119,,2017-05-12 11:51:13,0.0,14,"ACC开,3D定位,天线正常","湖南省常德市武陵区合兴路,距湖南申湘常德天衡汽车销售服务有限公 约217米,距岩桥安置小区 约303米",111.6503,29.055408,0.0,14
120,120,120,,2017-05-12 11:51:43,0.0,14,"ACC开,3D定位,天线正常","湖南省常德市武陵区合兴路,距湖南申湘常德天衡汽车销售服务有限公 约217米,距岩桥安置小区 约303米",111.6503,29.055408,0.0,14
121,121,121,,2017-05-12 11:52:13,0.0,14,"ACC开,3D定位,天线正常","湖南省常德市武陵区合兴路,距湖南申湘常德天衡汽车销售服务有限公 约217米,距岩桥安置小区 约303米",111.6503,29.055408,0.0,14
122,122,122,,2017-05-12 11:52:43,0.0,14,"ACC开,3D定位,天线正常","湖南省常德市武陵区合兴路,距湖南申湘常德天衡汽车销售服务有限公 约217米,距岩桥安置小区 约303米",111.6503,29.055408,0.0,14
123,123,123,,2017-05-12 11:53:13,0.0,14,"ACC开,3D定位,天线正常","湖南省常德市武陵区合兴路,距湖南申湘常德天衡汽车销售服务有限公 约217米,距岩桥安置小区 约303米",111.6503,29.055408,0.0,14
124,124,124,,2017-05-12 11:53:43,0.0,14,"ACC开,3D定位,天线正常","湖南省常德市武陵区合兴路,距湖南申湘常德天衡汽车销售服务有限公 约217米,距岩桥安置小区 约303米",111.6503,29.055408,0.0,14
125,125,125,,2017-05-12 11:54:13,0.0,14,"ACC开,3D定位,天线正常","湖南省常德市武陵区合兴路,距湖南申湘常德天衡汽车销售服务有限公 约217米,距岩桥安置小区 约303米",111.6503,29.055408,0.0,14
126,126,126,,2017-05-12 11:54:43,0.0,14,"ACC开,3D定位,天线正常","湖南省常德市武陵区合兴路,距湖南申湘常德天衡汽车销售服务有限公 约217米,距岩桥安置小区 约303米",111.6503,29.055408,0.0,14
127,127,127,,2017-05-12 11:55:13,0.0,14,"ACC开,3D定位,天线正常","湖南省常德市武陵区合兴路,距湖南申湘常德天衡汽车销售服务有限公 约217米,距岩桥安置小区 约303米",111.6503,29.055408,0.0,14
128,128,128,,2017-05-12 11:55:43,0.0,14,"ACC开,3D定位,天线正常","湖南省常德市武陵区合兴路,距湖南申湘常德天衡汽车销售服务有限公 约217米,距岩桥安置小区 约303米",111.6503,29.055408,0.0,14
129,129,129,,2017-05-12 11:56:13,0.0,14,"ACC开,3D定位,天线正常","湖南省常德市武陵区合兴路,距湖南申湘常德天衡汽车销售服务有限公 约217米,距岩桥安置小区 约303米",111.6503,29.055408,0.0,14
130,130,130,,2017-05-12 11:56:43,0.0,14,"ACC开,3D定位,天线正常","湖南省常德市武陵区合兴路,距湖南申湘常德天衡汽车销售服务有限公 约217米,距岩桥安置小区 约303米",111.6503,29.055408,0.0,14
131,131,131,,2017-05-12 11:57:13,0.0,14,"ACC开,3D定位,天线正常","湖南省常德市武陵区合兴路,距湖南申湘常德天衡汽车销售服务有限公 约217米,距岩桥安置小区 约303米",111.6503,29.055408,0.0,14
132,132,132,,2017-05-12 11:57:43,0.0,14,"ACC开,3D定位,天线正常","湖南省常德市武陵区合兴路,距湖南申湘常德天衡汽车销售服务有限公 约217米,距岩桥安置小区 约303米",111.6503,29.055408,0.0,14
133,133,133,,2017-05-12 11:58:13,0.0,14,"ACC开,3D定位,天线正常","湖南省常德市武陵区合兴路,距湖南申湘常德天衡汽车销售服务有限公 约217米,距岩桥安置小区 约303米",111.6503,29.055408,0.0,14
134,134,134,,2017-05-12 11:58:43,0.0,14,"ACC开,3D定位,天线正常","湖南省常德市武陵区合兴路,距湖南申湘常德天衡汽车销售服务有限公 约217米,距岩桥安置小区 约303米",111.6503,29.055408,0.0,14
135,135,135,,2017-05-12 11:59:13,0.0,14,"ACC开,3D定位,天线正常","湖南省常德市武陵区合兴路,距湖南申湘常德天衡汽车销售服务有限公 约217米,距岩桥安置小区 约303米",111.6503,29.055408,0.0,14
136,136,136,,2017-05-12 11:59:43,0.0,14,"ACC开,3D定位,天线正常","湖南省常德市武陵区合兴路,距湖南申湘常德天衡汽车销售服务有限公 约217米,距岩桥安置小区 约303米",111.6503,29.055408,0.0,14
137,137,137,,2017-05-12 12:00:13,0.0,14,"ACC开,3D定位,天线正常","湖南省常德市武陵区合兴路,距湖南申湘常德天衡汽车销售服务有限公 约217米,距岩桥安置小区 约303米",111.6503,29.055408,0.0,14
138,138,138,,2017-05-12 12:00:43,0.0,14,"ACC开,3D定位,天线正常","湖南省常德市武陵区合兴路,距湖南申湘常德天衡汽车销售服务有限公 约217米,距岩桥安置小区 约303米",111.6503,29.055408,0.0,14
139,139,139,,2017-05-12 12:01:13,0.0,14,"ACC开,3D定位,天线正常","湖南省常德市武陵区合兴路,距湖南申湘常德天衡汽车销售服务有限公 约217米,距岩桥安置小区 约303米",111.6503,29.055408,0.0,14
140,140,140,,2017-05-12 12:01:43,0.0,14,"ACC开,3D定位,天线正常","湖南省常德市武陵区合兴路,距湖南申湘常德天衡汽车销售服务有限公 约217米,距岩桥安置小区 约303米",111.6503,29.055408,0.0,14
141,141,141,,2017-05-12 12:02:13,0.0,14,"ACC开,3D定位,天线正常","湖南省常德市武陵区合兴路,距湖南申湘常德天衡汽车销售服务有限公 约217米,距岩桥安置小区 约303米",111.6503,29.055408,0.0,14
142,142,142,,2017-05-12 12:02:43,0.0,14,"ACC开,3D定位,天线正常","湖南省常德市武陵区合兴路,距湖南申湘常德天衡汽车销售服务有限公 约217米,距岩桥安置小区 约303米",111.6503,29.055408,0.0,14
143,143,143,,2017-05-12 12:03:13,0.0,14,"ACC开,3D定位,天线正常","湖南省常德市武陵区合兴路,距湖南申湘常德天衡汽车销售服务有限公 约217米,距岩桥安置小区 约303米",111.6503,29.055408,0.0,14
144,144,144,,2017-05-12 12:03:43,0.0,14,"ACC开,3D定位,天线正常","湖南省常德市武陵区合兴路,距湖南申湘常德天衡汽车销售服务有限公 约217米,距岩桥安置小区 约303米",111.6503,29.055408,0.0,14
145,145,145,,2017-05-12 12:04:13,0.0,14,"ACC开,3D定位,天线正常","湖南省常德市武陵区合兴路,距湖南申湘常德天衡汽车销售服务有限公 约217米,距岩桥安置小区 约303米",111.6503,29.055408,0.0,14
146,146,146,,2017-05-12 12:04:43,0.0,14,"ACC开,3D定位,天线正常","湖南省常德市武陵区合兴路,距湖南申湘常德天衡汽车销售服务有限公 约217米,距岩桥安置小区 约303米",111.6503,29.055408,0.0,14
147,147,147,,2017-05-12 12:05:13,0.0,14,"ACC开,3D定位,天线正常","湖南省常德市武陵区合兴路,距湖南申湘常德天衡汽车销售服务有限公 约217米,距岩桥安置小区 约303米",111.6503,29.055408,0.0,14
148,148,148,,2017-05-12 12:05:43,0.0,14,"ACC开,3D定位,天线正常","湖南省常德市武陵区合兴路,距湖南申湘常德天衡汽车销售服务有限公 约217米,距岩桥安置小区 约303米",111.6503,29.055408,0.0,14
149,149,149,,2017-05-12 12:06:13,0.0,14,"ACC开,3D定位,天线正常","湖南省常德市武陵区合兴路,距湖南申湘常德天衡汽车销售服务有限公 约217米,距岩桥安置小区 约303米",111.6503,29.055408,0.0,14
150,150,150,,2017-05-12 12:06:43,0.0,14,"ACC开,3D定位,天线正常","湖南省常德市武陵区合兴路,距湖南申湘常德天衡汽车销售服务有限公 约217米,距岩桥安置小区 约303米",111.6503,29.055408,0.0,14
151,151,151,,2017-05-12 12:07:13,0.0,14,"ACC开,3D定位,天线正常","湖南省常德市武陵区合兴路,距湖南申湘常德天衡汽车销售服务有限公 约217米,距岩桥安置小区 约303米",111.6503,29.055408,0.0,14
152,152,152,,2017-05-12 12:07:43,0.0,14,"ACC开,3D定位,天线正常","湖南省常德市武陵区合兴路,距湖南申湘常德天衡汽车销售服务有限公 约217米,距岩桥安置小区 约303米",111.6503,29.055408,0.0,14
153,153,153,,2017-05-12 12:08:13,0.0,14,"ACC开,3D定位,天线正常","湖南省常德市武陵区合兴路,距湖南申湘常德天衡汽车销售服务有限公 约217米,距岩桥安置小区 约303米",111.6503,29.055408,0.0,14
154,154,154,,2017-05-12 12:08:43,0.0,14,"ACC开,3D定位,天线正常","湖南省常德市武陵区合兴路,距湖南申湘常德天衡汽车销售服务有限公 约217米,距岩桥安置小区 约303米",111.6503,29.055408,0.0,14
155,155,155,,2017-05-12 12:09:13,0.0,14,"ACC开,3D定位,天线正常","湖南省常德市武陵区合兴路,距湖南申湘常德天衡汽车销售服务有限公 约217米,距岩桥安置小区 约303米",111.6503,29.055408,0.0,14
156,156,156,,2017-05-12 12:09:43,0.0,14,"ACC开,3D定位,天线正常","湖南省常德市武陵区合兴路,距湖南申湘常德天衡汽车销售服务有限公 约217米,距岩桥安置小区 约303米",111.6503,29.055408,0.0,14
157,157,157,,2017-05-12 12:10:13,0.0,14,"ACC开,3D定位,天线正常","湖南省常德市武陵区合兴路,距湖南申湘常德天衡汽车销售服务有限公 约217米,距岩桥安置小区 约303米",111.6503,29.055408,0.0,14
158,158,158,,2017-05-12 12:10:43,0.0,14,"ACC开,3D定位,天线正常","湖南省常德市武陵区合兴路,距湖南申湘常德天衡汽车销售服务有限公 约217米,距岩桥安置小区 约303米",111.6503,29.055408,0.0,14
159,159,159,,2017-05-12 12:11:13,0.0,14,"ACC开,3D定位,天线正常","湖南省常德市武陵区合兴路,距湖南申湘常德天衡汽车销售服务有限公 约217米,距岩桥安置小区 约303米",111.6503,29.055408,0.0,14
160,160,160,,2017-05-12 12:11:43,0.0,14,"ACC开,3D定位,天线正常","湖南省常德市武陵区合兴路,距湖南申湘常德天衡汽车销售服务有限公 约217米,距岩桥安置小区 约303米",111.6503,29.055408,0.0,14
161,161,161,,2017-05-12 12:12:13,0.0,14,"ACC开,3D定位,天线正常","湖南省常德市武陵区合兴路,距湖南申湘常德天衡汽车销售服务有限公 约217米,距岩桥安置小区 约303米",111.6503,29.055408,0.0,14
162,162,162,,2017-05-12 12:12:43,0.0,14,"ACC开,3D定位,天线正常","湖南省常德市武陵区合兴路,距湖南申湘常德天衡汽车销售服务有限公 约217米,距岩桥安置小区 约303米",111.6503,29.055408,0.0,14
163,163,163,,2017-05-12 12:13:13,0.0,14,"ACC开,3D定位,天线正常","湖南省常德市武陵区合兴路,距湖南申湘常德天衡汽车销售服务有限公 约217米,距岩桥安置小区 约303米",111.6503,29.055408,0.0,14
164,164,164,,2017-05-12 12:13:43,0.0,14,"ACC开,3D定位,天线正常","湖南省常德市武陵区合兴路,距湖南申湘常德天衡汽车销售服务有限公 约217米,距岩桥安置小区 约303米",111.6503,29.055408,0.0,14
165,165,165,,2017-05-12 12:14:13,0.0,14,"ACC开,3D定位,天线正常","湖南省常德市武陵区合兴路,距湖南申湘常德天衡汽车销售服务有限公 约217米,距岩桥安置小区 约303米",111.6503,29.055408,0.0,14
166,166,166,,2017-05-12 12:14:43,0.0,14,"ACC开,3D定位,天线正常","湖南省常德市武陵区合兴路,距湖南申湘常德天衡汽车销售服务有限公 约217米,距岩桥安置小区 约303米",111.6503,29.055408,0.0,14
167,167,167,,2017-05-12 12:15:13,0.0,14,"ACC开,3D定位,天线正常","湖南省常德市武陵区合兴路,距湖南申湘常德天衡汽车销售服务有限公 约217米,距岩桥安置小区 约303米",111.6503,29.055408,0.0,14
168,168,168,,2017-05-12 12:15:43,0.0,14,"ACC开,3D定位,天线正常","湖南省常德市武陵区合兴路,距湖南申湘常德天衡汽车销售服务有限公 约217米,距岩桥安置小区 约303米",111.6503,29.055408,0.0,14
169,169,169,,2017-05-12 12:16:13,0.0,14,"ACC开,3D定位,天线正常","湖南省常德市武陵区合兴路,距湖南申湘常德天衡汽车销售服务有限公 约217米,距岩桥安置小区 约303米",111.6503,29.055408,0.0,14
170,170,170,,2017-05-12 12:16:43,0.0,14,"ACC开,3D定位,天线正常","湖南省常德市武陵区合兴路,距湖南申湘常德天衡汽车销售服务有限公 约217米,距岩桥安置小区 约303米",111.6503,29.055408,0.0,14
171,171,171,,2017-05-12 12:17:13,0.0,14,"ACC开,3D定位,天线正常","湖南省常德市武陵区合兴路,距湖南申湘常德天衡汽车销售服务有限公 约217米,距岩桥安置小区 约303米",111.6503,29.055408,0.0,14
172,172,172,,2017-05-12 12:17:43,0.0,14,"ACC开,3D定位,天线正常","湖南省常德市武陵区合兴路,距湖南申湘常德天衡汽车销售服务有限公 约217米,距岩桥安置小区 约303米",111.6503,29.055408,0.0,14
173,173,173,,2017-05-12 12:18:13,0.0,14,"ACC开,3D定位,天线正常","湖南省常德市武陵区合兴路,距湖南申湘常德天衡汽车销售服务有限公 约217米,距岩桥安置小区 约303米",111.6503,29.055408,0.0,14
174,174,174,,2017-05-12 12:18:43,0.0,14,"ACC开,3D定位,天线正常","湖南省常德市武陵区合兴路,距湖南申湘常德天衡汽车销售服务有限公 约217米,距岩桥安置小区 约303米",111.6503,29.055408,0.0,14
175,175,175,,2017-05-12 12:19:13,0.0,14,"ACC开,3D定位,天线正常","湖南省常德市武陵区合兴路,距湖南申湘常德天衡汽车销售服务有限公 约217米,距岩桥安置小区 约303米",111.6503,29.055408,0.0,14
176,176,176,,2017-05-12 12:19:43,0.0,14,"ACC开,3D定位,天线正常","湖南省常德市武陵区合兴路,距湖南申湘常德天衡汽车销售服务有限公 约217米,距岩桥安置小区 约303米",111.6503,29.055408,0.0,14
177,177,177,,2017-05-12 12:20:13,0.0,14,"ACC开,3D定位,天线正常","湖南省常德市武陵区合兴路,距湖南申湘常德天衡汽车销售服务有限公 约217米,距岩桥安置小区 约303米",111.6503,29.055408,0.0,14
178,178,178,,2017-05-12 12:20:43,0.0,14,"ACC开,3D定位,天线正常","湖南省常德市武陵区合兴路,距湖南申湘常德天衡汽车销售服务有限公 约217米,距岩桥安置小区 约303米",111.6503,29.055408,0.0,14
179,179,179,,2017-05-12 12:21:13,0.0,14,"ACC开,3D定位,天线正常","湖南省常德市武陵区合兴路,距湖南申湘常德天衡汽车销售服务有限公 约217米,距岩桥安置小区 约303米",111.6503,29.055408,0.0,14
180,180,180,,2017-05-12 12:21:43,0.0,14,"ACC开,3D定位,天线正常","湖南省常德市武陵区合兴路,距湖南申湘常德天衡汽车销售服务有限公 约217米,距岩桥安置小区 约303米",111.6503,29.055408,0.0,14
181,181,181,,2017-05-12 12:22:13,0.0,14,"ACC开,3D定位,天线正常","湖南省常德市武陵区合兴路,距湖南申湘常德天衡汽车销售服务有限公 约217米,距岩桥安置小区 约303米",111.6503,29.055408,0.0,14
182,182,182,,2017-05-12 12:22:43,0.0,14,"ACC开,3D定位,天线正常","湖南省常德市武陵区合兴路,距湖南申湘常德天衡汽车销售服务有限公 约217米,距岩桥安置小区 约303米",111.6503,29.055408,0.0,14
183,183,183,,2017-05-12 12:23:13,0.0,14,"ACC开,3D定位,天线正常","湖南省常德市武陵区合兴路,距湖南申湘常德天衡汽车销售服务有限公 约217米,距岩桥安置小区 约303米",111.6503,29.055408,0.0,14
184,184,184,,2017-05-12 12:23:43,0.0,14,"ACC开,3D定位,天线正常","湖南省常德市武陵区合兴路,距湖南申湘常德天衡汽车销售服务有限公 约217米,距岩桥安置小区 约303米",111.6503,29.055408,0.0,14
185,185,185,,2017-05-12 12:24:13,0.0,14,"ACC开,3D定位,天线正常","湖南省常德市武陵区合兴路,距湖南申湘常德天衡汽车销售服务有限公 约217米,距岩桥安置小区 约303米",111.6503,29.055408,0.0,14
186,186,186,,2017-05-12 12:24:43,0.0,14,"ACC开,3D定位,天线正常","湖南省常德市武陵区合兴路,距湖南申湘常德天衡汽车销售服务有限公 约217米,距岩桥安置小区 约303米",111.6503,29.055408,0.0,14
187,187,187,,2017-05-12 12:25:13,0.0,14,"ACC开,3D定位,天线正常","湖南省常德市武陵区合兴路,距湖南申湘常德天衡汽车销售服务有限公 约217米,距岩桥安置小区 约303米",111.6503,29.055408,0.0,14
188,188,188,,2017-05-12 12:25:43,0.0,14,"ACC开,3D定位,天线正常","湖南省常德市武陵区合兴路,距湖南申湘常德天衡汽车销售服务有限公 约217米,距岩桥安置小区 约303米",111.6503,29.055408,0.0,14
189,189,189,,2017-05-12 12:26:13,0.0,14,"ACC开,3D定位,天线正常","湖南省常德市武陵区合兴路,距湖南申湘常德天衡汽车销售服务有限公 约217米,距岩桥安置小区 约303米",111.6503,29.055408,0.0,14
190,190,190,,2017-05-12 12:26:43,0.0,14,"ACC开,3D定位,天线正常","湖南省常德市武陵区合兴路,距湖南申湘常德天衡汽车销售服务有限公 约217米,距岩桥安置小区 约303米",111.6503,29.055408,0.0,14
191,191,191,,2017-05-12 12:27:13,0.0,14,"ACC开,3D定位,天线正常","湖南省常德市武陵区合兴路,距湖南申湘常德天衡汽车销售服务有限公 约217米,距岩桥安置小区 约303米",111.6503,29.055408,0.0,14
192,192,192,,2017-05-12 12:27:43,0.0,14,"ACC开,3D定位,天线正常","湖南省常德市武陵区合兴路,距湖南申湘常德天衡汽车销售服务有限公 约217米,距岩桥安置小区 约303米",111.6503,29.055408,0.0,14
193,193,193,,2017-05-12 12:28:13,0.0,14,"ACC开,3D定位,天线正常","湖南省常德市武陵区合兴路,距湖南申湘常德天衡汽车销售服务有限公 约217米,距岩桥安置小区 约303米",111.6503,29.055408,0.0,14
194,194,194,,2017-05-12 12:28:43,0.0,14,"ACC开,3D定位,天线正常","湖南省常德市武陵区合兴路,距湖南申湘常德天衡汽车销售服务有限公 约217米,距岩桥安置小区 约303米",111.6503,29.055408,0.0,14
195,195,195,,2017-05-12 12:29:13,0.0,14,"ACC开,3D定位,天线正常","湖南省常德市武陵区合兴路,距湖南申湘常德天衡汽车销售服务有限公 约217米,距岩桥安置小区 约303米",111.6503,29.055408,0.0,14
196,196,196,,2017-05-12 12:29:43,0.0,14,"ACC开,3D定位,天线正常","湖南省常德市武陵区合兴路,距湖南申湘常德天衡汽车销售服务有限公 约217米,距岩桥安置小区 约303米",111.6503,29.055408,0.0,14
197,197,197,,2017-05-12 12:30:13,0.0,14,"ACC开,3D定位,天线正常","湖南省常德市武陵区合兴路,距湖南申湘常德天衡汽车销售服务有限公 约217米,距岩桥安置小区 约303米",111.6503,29.055408,0.0,14
198,198,198,,2017-05-12 12:30:43,0.0,14,"ACC开,3D定位,天线正常","湖南省常德市武陵区合兴路,距湖南申湘常德天衡汽车销售服务有限公 约217米,距岩桥安置小区 约303米",111.6503,29.055408,0.0,14
199,199,199,,2017-05-12 12:31:13,0.0,14,"ACC开,3D定位,天线正常","湖南省常德市武陵区合兴路,距湖南申湘常德天衡汽车销售服务有限公 约217米,距岩桥安置小区 约303米",111.6503,29.055408,0.0,14
200,200,200,,2017-05-12 12:31:43,0.0,14,"ACC开,3D定位,天线正常","湖南省常德市武陵区合兴路,距湖南申湘常德天衡汽车销售服务有限公 约217米,距岩桥安置小区 约303米",111.6503,29.055408,0.0,14
201,201,201,,2017-05-12 12:32:13,0.0,14,"ACC开,3D定位,天线正常","湖南省常德市武陵区合兴路,距湖南申湘常德天衡汽车销售服务有限公 约217米,距岩桥安置小区 约303米",111.6503,29.055408,0.0,14
202,202,202,,2017-05-12 12:32:43,0.0,14,"ACC开,3D定位,天线正常","湖南省常德市武陵区合兴路,距湖南申湘常德天衡汽车销售服务有限公 约217米,距岩桥安置小区 约303米",111.6503,29.055408,0.0,14
203,203,203,,2017-05-12 12:33:13,0.0,14,"ACC开,3D定位,天线正常","湖南省常德市武陵区合兴路,距湖南申湘常德天衡汽车销售服务有限公 约217米,距岩桥安置小区 约303米",111.6503,29.055408,0.0,14
204,204,204,,2017-05-12 12:33:43,0.0,14,"ACC开,3D定位,天线正常","湖南省常德市武陵区合兴路,距湖南申湘常德天衡汽车销售服务有限公 约217米,距岩桥安置小区 约303米",111.6503,29.055408,0.0,14
205,205,205,,2017-05-12 12:34:13,0.0,14,"ACC开,3D定位,天线正常","湖南省常德市武陵区合兴路,距湖南申湘常德天衡汽车销售服务有限公 约217米,距岩桥安置小区 约303米",111.6503,29.055408,0.0,14
206,206,206,,2017-05-12 12:34:43,0.0,14,"ACC开,3D定位,天线正常","湖南省常德市武陵区合兴路,距湖南申湘常德天衡汽车销售服务有限公 约217米,距岩桥安置小区 约303米",111.6503,29.055408,0.0,14
207,207,207,,2017-05-12 12:35:13,0.0,14,"ACC开,3D定位,天线正常","湖南省常德市武陵区合兴路,距湖南申湘常德天衡汽车销售服务有限公 约217米,距岩桥安置小区 约303米",111.6503,29.055408,0.0,14
208,208,208,,2017-05-12 12:35:43,0.0,14,"ACC开,3D定位,天线正常","湖南省常德市武陵区合兴路,距湖南申湘常德天衡汽车销售服务有限公 约217米,距岩桥安置小区 约303米",111.6503,29.055408,0.0,14
209,209,209,,2017-05-12 12:36:13,0.0,14,"ACC开,3D定位,天线正常","湖南省常德市武陵区合兴路,距湖南申湘常德天衡汽车销售服务有限公 约217米,距岩桥安置小区 约303米",111.6503,29.055408,0.0,14
210,210,210,,2017-05-12 12:36:43,0.0,14,"ACC开,3D定位,天线正常","湖南省常德市武陵区合兴路,距湖南申湘常德天衡汽车销售服务有限公 约217米,距岩桥安置小区 约303米",111.6503,29.055408,0.0,14
211,211,211,,2017-05-12 12:37:13,0.0,14,"ACC开,3D定位,天线正常","湖南省常德市武陵区合兴路,距湖南申湘常德天衡汽车销售服务有限公 约217米,距岩桥安置小区 约303米",111.6503,29.055408,0.0,14
212,212,212,,2017-05-12 12:37:43,0.0,14,"ACC开,3D定位,天线正常","湖南省常德市武陵区合兴路,距湖南申湘常德天衡汽车销售服务有限公 约217米,距岩桥安置小区 约303米",111.6503,29.055408,0.0,14
213,213,213,,2017-05-12 12:38:13,0.0,14,"ACC开,3D定位,天线正常","湖南省常德市武陵区合兴路,距湖南申湘常德天衡汽车销售服务有限公 约217米,距岩桥安置小区 约303米",111.6503,29.055408,0.0,14
214,214,214,,2017-05-12 12:38:43,0.0,14,"ACC开,3D定位,天线正常","湖南省常德市武陵区合兴路,距湖南申湘常德天衡汽车销售服务有限公 约217米,距岩桥安置小区 约303米",111.6503,29.055408,0.0,14
215,215,215,,2017-05-12 12:39:13,0.0,14,"ACC开,3D定位,天线正常","湖南省常德市武陵区合兴路,距湖南申湘常德天衡汽车销售服务有限公 约217米,距岩桥安置小区 约303米",111.6503,29.055408,0.0,14
216,216,216,,2017-05-12 12:39:43,0.0,14,"ACC开,3D定位,天线正常","湖南省常德市武陵区合兴路,距湖南申湘常德天衡汽车销售服务有限公 约217米,距岩桥安置小区 约303米",111.6503,29.055408,0.0,14
217,217,217,,2017-05-12 12:40:13,0.0,14,"ACC开,3D定位,天线正常","湖南省常德市武陵区合兴路,距湖南申湘常德天衡汽车销售服务有限公 约217米,距岩桥安置小区 约303米",111.6503,29.055408,0.0,14
218,218,218,,2017-05-12 12:40:43,0.0,14,"ACC开,3D定位,天线正常","湖南省常德市武陵区合兴路,距湖南申湘常德天衡汽车销售服务有限公 约217米,距岩桥安置小区 约303米",111.6503,29.055408,0.0,14
219,219,219,,2017-05-12 12:41:13,0.0,14,"ACC开,3D定位,天线正常","湖南省常德市武陵区合兴路,距湖南申湘常德天衡汽车销售服务有限公 约217米,距岩桥安置小区 约303米",111.6503,29.055408,0.0,14
220,220,220,,2017-05-12 12:41:43,0.0,14,"ACC开,3D定位,天线正常","湖南省常德市武陵区合兴路,距湖南申湘常德天衡汽车销售服务有限公 约217米,距岩桥安置小区 约303米",111.6503,29.055408,0.0,14
221,221,221,,2017-05-12 12:42:13,0.0,14,"ACC开,3D定位,天线正常","湖南省常德市武陵区合兴路,距湖南申湘常德天衡汽车销售服务有限公 约217米,距岩桥安置小区 约303米",111.6503,29.055408,0.0,14
222,222,222,,2017-05-12 12:42:43,0.0,14,"ACC开,3D定位,天线正常","湖南省常德市武陵区合兴路,距湖南申湘常德天衡汽车销售服务有限公 约217米,距岩桥安置小区 约303米",111.6503,29.055408,0.0,14
223,223,223,,2017-05-12 12:43:13,0.0,14,"ACC开,3D定位,天线正常","湖南省常德市武陵区合兴路,距湖南申湘常德天衡汽车销售服务有限公 约217米,距岩桥安置小区 约303米",111.6503,29.055408,0.0,14
224,224,224,,2017-05-12 12:43:43,0.0,14,"ACC开,3D定位,天线正常","湖南省常德市武陵区合兴路,距湖南申湘常德天衡汽车销售服务有限公 约217米,距岩桥安置小区 约303米",111.6503,29.055408,0.0,14
225,225,225,,2017-05-12 12:44:13,0.0,14,"ACC开,3D定位,天线正常","湖南省常德市武陵区合兴路,距湖南申湘常德天衡汽车销售服务有限公 约217米,距岩桥安置小区 约303米",111.6503,29.055408,0.0,14
226,226,226,,2017-05-12 12:44:43,0.0,14,"ACC开,3D定位,天线正常","湖南省常德市武陵区合兴路,距湖南申湘常德天衡汽车销售服务有限公 约217米,距岩桥安置小区 约303米",111.6503,29.055408,0.0,14
227,227,227,,2017-05-12 12:45:13,0.0,14,"ACC开,3D定位,天线正常","湖南省常德市武陵区合兴路,距湖南申湘常德天衡汽车销售服务有限公 约217米,距岩桥安置小区 约303米",111.6503,29.055408,0.0,14
228,228,228,,2017-05-12 12:45:43,0.0,14,"ACC开,3D定位,天线正常","湖南省常德市武陵区合兴路,距湖南申湘常德天衡汽车销售服务有限公 约217米,距岩桥安置小区 约303米",111.6503,29.055408,0.0,14
229,229,229,,2017-05-12 12:46:13,0.0,14,"ACC开,3D定位,天线正常","湖南省常德市武陵区合兴路,距湖南申湘常德天衡汽车销售服务有限公 约217米,距岩桥安置小区 约303米",111.6503,29.055408,0.0,14
230,230,230,,2017-05-12 12:46:43,0.0,14,"ACC开,3D定位,天线正常","湖南省常德市武陵区合兴路,距湖南申湘常德天衡汽车销售服务有限公 约217米,距岩桥安置小区 约303米",111.6503,29.055408,0.0,14
231,231,231,,2017-05-12 12:47:13,0.0,14,"ACC开,3D定位,天线正常","湖南省常德市武陵区合兴路,距湖南申湘常德天衡汽车销售服务有限公 约217米,距岩桥安置小区 约303米",111.6503,29.055408,0.0,14
232,232,232,,2017-05-12 12:47:43,0.0,14,"ACC开,3D定位,天线正常","湖南省常德市武陵区合兴路,距湖南申湘常德天衡汽车销售服务有限公 约217米,距岩桥安置小区 约303米",111.6503,29.055408,0.0,14
233,233,233,,2017-05-12 12:48:13,0.0,14,"ACC开,3D定位,天线正常","湖南省常德市武陵区合兴路,距湖南申湘常德天衡汽车销售服务有限公 约217米,距岩桥安置小区 约303米",111.6503,29.055408,0.0,14
234,234,234,,2017-05-12 12:48:43,0.0,14,"ACC开,3D定位,天线正常","湖南省常德市武陵区合兴路,距湖南申湘常德天衡汽车销售服务有限公 约217米,距岩桥安置小区 约303米",111.6503,29.055408,0.0,14
235,235,235,,2017-05-12 12:49:13,0.0,14,"ACC开,3D定位,天线正常","湖南省常德市武陵区合兴路,距湖南申湘常德天衡汽车销售服务有限公 约217米,距岩桥安置小区 约303米",111.6503,29.055408,0.0,14
236,236,236,,2017-05-12 12:49:43,0.0,14,"ACC开,3D定位,天线正常","湖南省常德市武陵区合兴路,距湖南申湘常德天衡汽车销售服务有限公 约217米,距岩桥安置小区 约303米",111.6503,29.055408,0.0,14
237,237,237,,2017-05-12 12:50:13,0.0,14,"ACC开,3D定位,天线正常","湖南省常德市武陵区合兴路,距湖南申湘常德天衡汽车销售服务有限公 约217米,距岩桥安置小区 约303米",111.6503,29.055408,0.0,14
238,238,238,,2017-05-12 12:50:43,0.0,14,"ACC开,3D定位,天线正常","湖南省常德市武陵区合兴路,距湖南申湘常德天衡汽车销售服务有限公 约217米,距岩桥安置小区 约303米",111.6503,29.055408,0.0,14
239,239,239,,2017-05-12 12:51:13,0.0,14,"ACC开,3D定位,天线正常","湖南省常德市武陵区合兴路,距湖南申湘常德天衡汽车销售服务有限公 约217米,距岩桥安置小区 约303米",111.6503,29.055408,0.0,14
240,240,240,,2017-05-12 12:51:43,0.0,14,"ACC开,3D定位,天线正常","湖南省常德市武陵区合兴路,距湖南申湘常德天衡汽车销售服务有限公 约217米,距岩桥安置小区 约303米",111.6503,29.055408,0.0,14
241,241,241,,2017-05-12 12:52:13,0.0,14,"ACC开,3D定位,天线正常","湖南省常德市武陵区合兴路,距湖南申湘常德天衡汽车销售服务有限公 约217米,距岩桥安置小区 约303米",111.6503,29.055408,0.0,14
242,242,242,,2017-05-12 12:52:43,0.0,14,"ACC开,3D定位,天线正常","湖南省常德市武陵区合兴路,距湖南申湘常德天衡汽车销售服务有限公 约217米,距岩桥安置小区 约303米",111.6503,29.055408,0.0,14
243,243,243,,2017-05-12 12:53:13,0.0,14,"ACC开,3D定位,天线正常","湖南省常德市武陵区合兴路,距湖南申湘常德天衡汽车销售服务有限公 约217米,距岩桥安置小区 约303米",111.6503,29.055408,0.0,14
244,244,244,,2017-05-12 12:53:43,0.0,14,"ACC开,3D定位,天线正常","湖南省常德市武陵区合兴路,距湖南申湘常德天衡汽车销售服务有限公 约217米,距岩桥安置小区 约303米",111.6503,29.055408,0.0,14
245,245,245,,2017-05-12 12:54:13,0.0,14,"ACC开,3D定位,天线正常","湖南省常德市武陵区合兴路,距湖南申湘常德天衡汽车销售服务有限公 约217米,距岩桥安置小区 约303米",111.6503,29.055408,0.0,14
246,246,246,,2017-05-12 12:54:43,0.0,14,"ACC开,3D定位,天线正常","湖南省常德市武陵区合兴路,距湖南申湘常德天衡汽车销售服务有限公 约217米,距岩桥安置小区 约303米",111.6503,29.055408,0.0,14
247,247,247,,2017-05-12 12:55:13,0.0,14,"ACC开,3D定位,天线正常","湖南省常德市武陵区合兴路,距湖南申湘常德天衡汽车销售服务有限公 约217米,距岩桥安置小区 约303米",111.6503,29.055408,0.0,14
248,248,248,,2017-05-12 12:55:43,0.0,14,"ACC开,3D定位,天线正常","湖南省常德市武陵区合兴路,距湖南申湘常德天衡汽车销售服务有限公 约217米,距岩桥安置小区 约303米",111.6503,29.055408,0.0,14
249,249,249,,2017-05-12 12:56:13,0.0,14,"ACC开,3D定位,天线正常","湖南省常德市武陵区合兴路,距湖南申湘常德天衡汽车销售服务有限公 约217米,距岩桥安置小区 约303米",111.6503,29.055408,0.0,14
250,250,250,,2017-05-12 12:56:43,0.0,14,"ACC开,3D定位,天线正常","湖南省常德市武陵区合兴路,距湖南申湘常德天衡汽车销售服务有限公 约217米,距岩桥安置小区 约303米",111.6503,29.055408,0.0,14
251,251,251,,2017-05-12 12:57:13,0.0,14,"ACC开,3D定位,天线正常","湖南省常德市武陵区合兴路,距湖南申湘常德天衡汽车销售服务有限公 约217米,距岩桥安置小区 约303米",111.6503,29.055408,0.0,14
252,252,252,,2017-05-12 12:57:43,0.0,14,"ACC开,3D定位,天线正常","湖南省常德市武陵区合兴路,距湖南申湘常德天衡汽车销售服务有限公 约217米,距岩桥安置小区 约303米",111.6503,29.055408,0.0,14
253,253,253,,2017-05-12 12:58:13,0.0,14,"ACC开,3D定位,天线正常","湖南省常德市武陵区合兴路,距湖南申湘常德天衡汽车销售服务有限公 约217米,距岩桥安置小区 约303米",111.6503,29.055408,0.0,14
254,254,254,,2017-05-12 12:58:43,0.0,14,"ACC开,3D定位,天线正常","湖南省常德市武陵区合兴路,距湖南申湘常德天衡汽车销售服务有限公 约217米,距岩桥安置小区 约303米",111.6503,29.055408,0.0,14
255,255,255,,2017-05-12 12:59:13,0.0,14,"ACC开,3D定位,天线正常","湖南省常德市武陵区合兴路,距湖南申湘常德天衡汽车销售服务有限公 约217米,距岩桥安置小区 约303米",111.6503,29.055408,0.0,14
256,256,256,,2017-05-12 12:59:43,0.0,14,"ACC开,3D定位,天线正常","湖南省常德市武陵区合兴路,距湖南申湘常德天衡汽车销售服务有限公 约217米,距岩桥安置小区 约303米",111.6503,29.055408,0.0,14
257,257,257,,2017-05-12 13:00:13,0.0,14,"ACC开,3D定位,天线正常","湖南省常德市武陵区合兴路,距湖南申湘常德天衡汽车销售服务有限公 约217米,距岩桥安置小区 约303米",111.6503,29.055408,0.0,14
258,258,258,,2017-05-12 13:00:43,0.0,14,"ACC开,3D定位,天线正常","湖南省常德市武陵区合兴路,距湖南申湘常德天衡汽车销售服务有限公 约217米,距岩桥安置小区 约303米",111.6503,29.055408,0.0,14
259,259,259,,2017-05-12 13:01:13,0.0,14,"ACC开,3D定位,天线正常","湖南省常德市武陵区合兴路,距湖南申湘常德天衡汽车销售服务有限公 约217米,距岩桥安置小区 约303米",111.6503,29.055408,0.0,14
260,260,260,,2017-05-12 13:01:43,0.0,14,"ACC开,3D定位,天线正常","湖南省常德市武陵区合兴路,距湖南申湘常德天衡汽车销售服务有限公 约217米,距岩桥安置小区 约303米",111.6503,29.055408,0.0,14
261,261,261,,2017-05-12 13:02:13,0.0,14,"ACC开,3D定位,天线正常","湖南省常德市武陵区合兴路,距湖南申湘常德天衡汽车销售服务有限公 约217米,距岩桥安置小区 约303米",111.6503,29.055408,0.0,14
262,262,262,,2017-05-12 13:02:43,0.0,14,"ACC开,3D定位,天线正常","湖南省常德市武陵区合兴路,距湖南申湘常德天衡汽车销售服务有限公 约217米,距岩桥安置小区 约303米",111.6503,29.055408,0.0,14
263,263,263,,2017-05-12 13:03:13,0.0,14,"ACC开,3D定位,天线正常","湖南省常德市武陵区合兴路,距湖南申湘常德天衡汽车销售服务有限公 约217米,距岩桥安置小区 约303米",111.6503,29.055408,0.0,14
264,264,264,,2017-05-12 13:03:43,0.0,14,"ACC开,3D定位,天线正常","湖南省常德市武陵区合兴路,距湖南申湘常德天衡汽车销售服务有限公 约217米,距岩桥安置小区 约303米",111.6503,29.055408,0.0,14
265,265,265,,2017-05-12 13:04:13,0.0,14,"ACC开,3D定位,天线正常","湖南省常德市武陵区合兴路,距湖南申湘常德天衡汽车销售服务有限公 约217米,距岩桥安置小区 约303米",111.6503,29.055408,0.0,14
266,266,266,,2017-05-12 13:04:43,0.0,14,"ACC开,3D定位,天线正常","湖南省常德市武陵区合兴路,距湖南申湘常德天衡汽车销售服务有限公 约217米,距岩桥安置小区 约303米",111.6503,29.055408,0.0,14
267,267,267,,2017-05-12 13:05:13,0.0,14,"ACC开,3D定位,天线正常","湖南省常德市武陵区合兴路,距湖南申湘常德天衡汽车销售服务有限公 约217米,距岩桥安置小区 约303米",111.6503,29.055408,0.0,14
268,268,268,,2017-05-12 13:05:43,0.0,14,"ACC开,3D定位,天线正常","湖南省常德市武陵区合兴路,距湖南申湘常德天衡汽车销售服务有限公 约217米,距岩桥安置小区 约303米",111.6503,29.055408,0.0,14
269,269,269,,2017-05-12 13:06:13,0.0,14,"ACC开,3D定位,天线正常","湖南省常德市武陵区合兴路,距湖南申湘常德天衡汽车销售服务有限公 约217米,距岩桥安置小区 约303米",111.6503,29.055408,0.0,14
270,270,270,,2017-05-12 13:06:43,0.0,14,"ACC开,3D定位,天线正常","湖南省常德市武陵区合兴路,距湖南申湘常德天衡汽车销售服务有限公 约217米,距岩桥安置小区 约303米",111.6503,29.055408,0.0,14
271,271,271,,2017-05-12 13:07:13,0.0,14,"ACC开,3D定位,天线正常","湖南省常德市武陵区合兴路,距湖南申湘常德天衡汽车销售服务有限公 约217米,距岩桥安置小区 约303米",111.6503,29.055408,0.0,14
272,272,272,,2017-05-12 13:07:43,0.0,14,"ACC开,3D定位,天线正常","湖南省常德市武陵区合兴路,距湖南申湘常德天衡汽车销售服务有限公 约217米,距岩桥安置小区 约303米",111.6503,29.055408,0.0,14
273,273,273,,2017-05-12 13:08:13,0.0,14,"ACC开,3D定位,天线正常","湖南省常德市武陵区合兴路,距湖南申湘常德天衡汽车销售服务有限公 约217米,距岩桥安置小区 约303米",111.6503,29.055408,0.0,14
274,274,274,,2017-05-12 13:08:43,0.0,14,"ACC开,3D定位,天线正常","湖南省常德市武陵区合兴路,距湖南申湘常德天衡汽车销售服务有限公 约217米,距岩桥安置小区 约303米",111.6503,29.055408,0.0,14
275,275,275,,2017-05-12 13:09:13,0.0,14,"ACC开,3D定位,天线正常","湖南省常德市武陵区合兴路,距湖南申湘常德天衡汽车销售服务有限公 约217米,距岩桥安置小区 约303米",111.6503,29.055408,0.0,14
276,276,276,,2017-05-12 13:09:43,0.0,14,"ACC开,3D定位,天线正常","湖南省常德市武陵区合兴路,距湖南申湘常德天衡汽车销售服务有限公 约217米,距岩桥安置小区 约303米",111.6503,29.055408,0.0,14
277,277,277,,2017-05-12 13:10:13,0.0,14,"ACC开,3D定位,天线正常","湖南省常德市武陵区合兴路,距湖南申湘常德天衡汽车销售服务有限公 约217米,距岩桥安置小区 约303米",111.6503,29.055408,0.0,14
278,278,278,,2017-05-12 13:10:43,0.0,14,"ACC开,3D定位,天线正常","湖南省常德市武陵区合兴路,距湖南申湘常德天衡汽车销售服务有限公 约217米,距岩桥安置小区 约303米",111.6503,29.055408,0.0,14
279,279,279,,2017-05-12 13:11:13,0.0,14,"ACC开,3D定位,天线正常","湖南省常德市武陵区合兴路,距湖南申湘常德天衡汽车销售服务有限公 约217米,距岩桥安置小区 约303米",111.6503,29.055408,0.0,14
280,280,280,,2017-05-12 13:11:43,0.0,14,"ACC开,3D定位,天线正常","湖南省常德市武陵区合兴路,距湖南申湘常德天衡汽车销售服务有限公 约217米,距岩桥安置小区 约303米",111.6503,29.055408,0.0,14
281,281,281,,2017-05-12 13:12:13,0.0,14,"ACC开,3D定位,天线正常","湖南省常德市武陵区合兴路,距湖南申湘常德天衡汽车销售服务有限公 约217米,距岩桥安置小区 约303米",111.6503,29.055408,0.0,14
282,282,282,,2017-05-12 13:12:43,0.0,14,"ACC开,3D定位,天线正常","湖南省常德市武陵区合兴路,距湖南申湘常德天衡汽车销售服务有限公 约217米,距岩桥安置小区 约303米",111.6503,29.055408,0.0,14
283,283,283,,2017-05-12 13:13:13,0.0,14,"ACC开,3D定位,天线正常","湖南省常德市武陵区合兴路,距湖南申湘常德天衡汽车销售服务有限公 约217米,距岩桥安置小区 约303米",111.6503,29.055408,0.0,14
284,284,284,,2017-05-12 13:13:43,0.0,14,"ACC开,3D定位,天线正常","湖南省常德市武陵区合兴路,距湖南申湘常德天衡汽车销售服务有限公 约217米,距岩桥安置小区 约303米",111.6503,29.055408,0.0,14
285,285,285,,2017-05-12 13:14:13,0.0,14,"ACC开,3D定位,天线正常","湖南省常德市武陵区合兴路,距湖南申湘常德天衡汽车销售服务有限公 约217米,距岩桥安置小区 约303米",111.6503,29.055408,0.0,14
286,286,286,,2017-05-12 13:14:43,0.0,14,"ACC开,3D定位,天线正常","湖南省常德市武陵区合兴路,距湖南申湘常德天衡汽车销售服务有限公 约217米,距岩桥安置小区 约303米",111.6503,29.055408,0.0,14
287,287,287,,2017-05-12 13:15:13,0.0,14,"ACC开,3D定位,天线正常","湖南省常德市武陵区合兴路,距湖南申湘常德天衡汽车销售服务有限公 约217米,距岩桥安置小区 约303米",111.6503,29.055408,0.0,14
288,288,288,,2017-05-12 13:15:43,0.0,14,"ACC开,3D定位,天线正常","湖南省常德市武陵区合兴路,距湖南申湘常德天衡汽车销售服务有限公 约217米,距岩桥安置小区 约303米",111.6503,29.055408,0.0,14
289,289,289,,2017-05-12 13:16:13,0.0,14,"ACC开,3D定位,天线正常","湖南省常德市武陵区合兴路,距湖南申湘常德天衡汽车销售服务有限公 约217米,距岩桥安置小区 约303米",111.6503,29.055408,0.0,14
290,290,290,,2017-05-12 13:16:43,0.0,14,"ACC开,3D定位,天线正常","湖南省常德市武陵区合兴路,距湖南申湘常德天衡汽车销售服务有限公 约217米,距岩桥安置小区 约303米",111.6503,29.055408,0.0,14
291,291,291,,2017-05-12 13:17:13,0.0,14,"ACC开,3D定位,天线正常","湖南省常德市武陵区合兴路,距湖南申湘常德天衡汽车销售服务有限公 约217米,距岩桥安置小区 约303米",111.6503,29.055408,0.0,14
292,292,292,,2017-05-12 13:17:43,0.0,14,"ACC开,3D定位,天线正常","湖南省常德市武陵区合兴路,距湖南申湘常德天衡汽车销售服务有限公 约217米,距岩桥安置小区 约303米",111.6503,29.055408,0.0,14
293,293,293,,2017-05-12 13:18:13,0.0,14,"ACC开,3D定位,天线正常","湖南省常德市武陵区合兴路,距湖南申湘常德天衡汽车销售服务有限公 约217米,距岩桥安置小区 约303米",111.6503,29.055408,0.0,14
294,294,294,,2017-05-12 13:18:43,0.0,14,"ACC开,3D定位,天线正常","湖南省常德市武陵区合兴路,距湖南申湘常德天衡汽车销售服务有限公 约217米,距岩桥安置小区 约303米",111.6503,29.055408,0.0,14
295,295,295,,2017-05-12 13:19:13,0.0,14,"ACC开,3D定位,天线正常","湖南省常德市武陵区合兴路,距湖南申湘常德天衡汽车销售服务有限公 约217米,距岩桥安置小区 约303米",111.6503,29.055408,0.0,14
296,296,296,,2017-05-12 13:19:43,0.0,14,"ACC开,3D定位,天线正常","湖南省常德市武陵区合兴路,距湖南申湘常德天衡汽车销售服务有限公 约217米,距岩桥安置小区 约303米",111.6503,29.055408,0.0,14
297,297,297,,2017-05-12 13:20:13,0.0,14,"ACC开,3D定位,天线正常","湖南省常德市武陵区合兴路,距湖南申湘常德天衡汽车销售服务有限公 约217米,距岩桥安置小区 约303米",111.6503,29.055408,0.0,14
298,298,298,,2017-05-12 13:20:43,0.0,14,"ACC开,3D定位,天线正常","湖南省常德市武陵区合兴路,距湖南申湘常德天衡汽车销售服务有限公 约217米,距岩桥安置小区 约303米",111.6503,29.055408,0.0,14
299,299,299,,2017-05-12 13:21:13,0.0,14,"ACC开,3D定位,天线正常","湖南省常德市武陵区合兴路,距湖南申湘常德天衡汽车销售服务有限公 约217米,距岩桥安置小区 约303米",111.6503,29.055408,0.0,14
300,300,300,,2017-05-12 13:21:43,0.0,14,"ACC开,3D定位,天线正常","湖南省常德市武陵区合兴路,距湖南申湘常德天衡汽车销售服务有限公 约217米,距岩桥安置小区 约303米",111.6503,29.055408,0.0,14
301,301,301,,2017-05-12 13:22:13,0.0,14,"ACC开,3D定位,天线正常","湖南省常德市武陵区合兴路,距湖南申湘常德天衡汽车销售服务有限公 约217米,距岩桥安置小区 约303米",111.6503,29.055408,0.0,14
302,302,302,,2017-05-12 13:22:43,0.0,14,"ACC开,3D定位,天线正常","湖南省常德市武陵区合兴路,距湖南申湘常德天衡汽车销售服务有限公 约217米,距岩桥安置小区 约303米",111.6503,29.055408,0.0,14
303,303,303,,2017-05-12 13:23:13,0.0,14,"ACC开,3D定位,天线正常","湖南省常德市武陵区合兴路,距湖南申湘常德天衡汽车销售服务有限公 约217米,距岩桥安置小区 约303米",111.6503,29.055408,0.0,14
304,304,304,,2017-05-12 13:23:43,0.0,14,"ACC开,3D定位,天线正常","湖南省常德市武陵区合兴路,距湖南申湘常德天衡汽车销售服务有限公 约217米,距岩桥安置小区 约303米",111.6503,29.055408,0.0,14
305,305,305,,2017-05-12 13:24:13,0.0,14,"ACC开,3D定位,天线正常","湖南省常德市武陵区合兴路,距湖南申湘常德天衡汽车销售服务有限公 约217米,距岩桥安置小区 约303米",111.6503,29.055408,0.0,14
306,306,306,,2017-05-12 13:24:43,0.0,14,"ACC开,3D定位,天线正常","湖南省常德市武陵区合兴路,距湖南申湘常德天衡汽车销售服务有限公 约217米,距岩桥安置小区 约303米",111.6503,29.055408,0.0,14
307,307,307,,2017-05-12 13:25:13,0.0,14,"ACC开,3D定位,天线正常","湖南省常德市武陵区合兴路,距湖南申湘常德天衡汽车销售服务有限公 约217米,距岩桥安置小区 约303米",111.6503,29.055408,0.0,14
308,308,308,,2017-05-12 13:25:43,0.0,14,"ACC开,3D定位,天线正常","湖南省常德市武陵区合兴路,距湖南申湘常德天衡汽车销售服务有限公 约217米,距岩桥安置小区 约303米",111.6503,29.055408,0.0,14
309,309,309,,2017-05-12 13:26:13,0.0,14,"ACC开,3D定位,天线正常","湖南省常德市武陵区合兴路,距湖南申湘常德天衡汽车销售服务有限公 约217米,距岩桥安置小区 约303米",111.6503,29.055408,0.0,14
310,310,310,,2017-05-12 13:26:43,0.0,14,"ACC开,3D定位,天线正常","湖南省常德市武陵区合兴路,距湖南申湘常德天衡汽车销售服务有限公 约217米,距岩桥安置小区 约303米",111.6503,29.055408,0.0,14
311,311,311,,2017-05-12 13:27:13,0.0,14,"ACC开,3D定位,天线正常","湖南省常德市武陵区合兴路,距湖南申湘常德天衡汽车销售服务有限公 约217米,距岩桥安置小区 约303米",111.6503,29.055408,0.0,14
312,312,312,,2017-05-12 13:27:43,0.0,14,"ACC开,3D定位,天线正常","湖南省常德市武陵区合兴路,距湖南申湘常德天衡汽车销售服务有限公 约217米,距岩桥安置小区 约303米",111.6503,29.055408,0.0,14
313,313,313,,2017-05-12 13:28:13,0.0,14,"ACC开,3D定位,天线正常","湖南省常德市武陵区合兴路,距湖南申湘常德天衡汽车销售服务有限公 约217米,距岩桥安置小区 约303米",111.6503,29.055408,0.0,14
314,314,314,,2017-05-12 13:28:43,0.0,14,"ACC开,3D定位,天线正常","湖南省常德市武陵区合兴路,距湖南申湘常德天衡汽车销售服务有限公 约217米,距岩桥安置小区 约303米",111.6503,29.055408,0.0,14
315,315,315,,2017-05-12 13:29:13,0.0,14,"ACC开,3D定位,天线正常","湖南省常德市武陵区合兴路,距湖南申湘常德天衡汽车销售服务有限公 约217米,距岩桥安置小区 约303米",111.6503,29.055408,0.0,14
316,316,316,,2017-05-12 13:29:43,0.0,14,"ACC开,3D定位,天线正常","湖南省常德市武陵区合兴路,距湖南申湘常德天衡汽车销售服务有限公 约217米,距岩桥安置小区 约303米",111.6503,29.055408,0.0,14
317,317,317,,2017-05-12 13:30:13,0.0,14,"ACC开,3D定位,天线正常","湖南省常德市武陵区合兴路,距湖南申湘常德天衡汽车销售服务有限公 约217米,距岩桥安置小区 约303米",111.6503,29.055408,0.0,14
318,318,318,,2017-05-12 13:30:43,0.0,14,"ACC开,3D定位,天线正常","湖南省常德市武陵区合兴路,距湖南申湘常德天衡汽车销售服务有限公 约217米,距岩桥安置小区 约303米",111.6503,29.055408,0.0,14
319,319,319,,2017-05-12 13:31:13,0.0,14,"ACC开,3D定位,天线正常","湖南省常德市武陵区合兴路,距湖南申湘常德天衡汽车销售服务有限公 约217米,距岩桥安置小区 约303米",111.6503,29.055408,0.0,14
320,320,320,,2017-05-12 13:31:43,0.0,14,"ACC开,3D定位,天线正常","湖南省常德市武陵区合兴路,距湖南申湘常德天衡汽车销售服务有限公 约217米,距岩桥安置小区 约303米",111.6503,29.055408,0.0,14
321,321,321,,2017-05-12 13:32:13,0.0,14,"ACC开,3D定位,天线正常","湖南省常德市武陵区合兴路,距湖南申湘常德天衡汽车销售服务有限公 约217米,距岩桥安置小区 约303米",111.6503,29.055408,0.0,14
322,322,322,,2017-05-12 13:32:43,0.0,14,"ACC开,3D定位,天线正常","湖南省常德市武陵区合兴路,距湖南申湘常德天衡汽车销售服务有限公 约217米,距岩桥安置小区 约303米",111.6503,29.055408,0.0,14
323,323,323,,2017-05-12 13:33:13,0.0,14,"ACC开,3D定位,天线正常","湖南省常德市武陵区合兴路,距湖南申湘常德天衡汽车销售服务有限公 约217米,距岩桥安置小区 约303米",111.6503,29.055408,0.0,14
324,324,324,,2017-05-12 13:33:43,0.0,14,"ACC开,3D定位,天线正常","湖南省常德市武陵区合兴路,距湖南申湘常德天衡汽车销售服务有限公 约217米,距岩桥安置小区 约303米",111.6503,29.055408,0.0,14
325,325,325,,2017-05-12 13:34:13,0.0,14,"ACC开,3D定位,天线正常","湖南省常德市武陵区合兴路,距湖南申湘常德天衡汽车销售服务有限公 约217米,距岩桥安置小区 约303米",111.6503,29.055408,0.0,14
326,326,326,,2017-05-12 13:34:43,0.0,14,"ACC开,3D定位,天线正常","湖南省常德市武陵区合兴路,距湖南申湘常德天衡汽车销售服务有限公 约217米,距岩桥安置小区 约303米",111.6503,29.055408,0.0,14
327,327,327,,2017-05-12 13:35:13,0.0,14,"ACC开,3D定位,天线正常","湖南省常德市武陵区合兴路,距湖南申湘常德天衡汽车销售服务有限公 约217米,距岩桥安置小区 约303米",111.6503,29.055408,0.0,14
328,328,328,,2017-05-12 13:35:43,0.0,14,"ACC开,3D定位,天线正常","湖南省常德市武陵区合兴路,距湖南申湘常德天衡汽车销售服务有限公 约217米,距岩桥安置小区 约303米",111.6503,29.055408,0.0,14
329,329,329,,2017-05-12 13:36:13,0.0,14,"ACC开,3D定位,天线正常","湖南省常德市武陵区合兴路,距湖南申湘常德天衡汽车销售服务有限公 约217米,距岩桥安置小区 约303米",111.6503,29.055408,0.0,14
330,330,330,,2017-05-12 13:36:43,0.0,14,"ACC开,3D定位,天线正常","湖南省常德市武陵区合兴路,距湖南申湘常德天衡汽车销售服务有限公 约217米,距岩桥安置小区 约303米",111.6503,29.055408,0.0,14
331,331,331,,2017-05-12 13:37:13,0.0,14,"ACC开,3D定位,天线正常","湖南省常德市武陵区合兴路,距湖南申湘常德天衡汽车销售服务有限公 约217米,距岩桥安置小区 约303米",111.6503,29.055408,0.0,14
332,332,332,,2017-05-12 13:37:43,0.0,14,"ACC开,3D定位,天线正常","湖南省常德市武陵区合兴路,距湖南申湘常德天衡汽车销售服务有限公 约217米,距岩桥安置小区 约303米",111.6503,29.055408,0.0,14
333,333,333,,2017-05-12 13:38:13,0.0,14,"ACC开,3D定位,天线正常","湖南省常德市武陵区合兴路,距湖南申湘常德天衡汽车销售服务有限公 约217米,距岩桥安置小区 约303米",111.6503,29.055408,0.0,14
334,334,334,,2017-05-12 13:38:43,0.0,14,"ACC开,3D定位,天线正常","湖南省常德市武陵区合兴路,距湖南申湘常德天衡汽车销售服务有限公 约217米,距岩桥安置小区 约303米",111.6503,29.055408,0.0,14
335,335,335,,2017-05-12 13:39:13,0.0,14,"ACC开,3D定位,天线正常","湖南省常德市武陵区合兴路,距湖南申湘常德天衡汽车销售服务有限公 约217米,距岩桥安置小区 约303米",111.6503,29.055408,0.0,14
336,336,336,,2017-05-12 13:39:43,0.0,14,"ACC开,3D定位,天线正常","湖南省常德市武陵区合兴路,距湖南申湘常德天衡汽车销售服务有限公 约217米,距岩桥安置小区 约303米",111.6503,29.055408,0.0,14
337,337,337,,2017-05-12 13:40:13,0.0,14,"ACC开,3D定位,天线正常","湖南省常德市武陵区合兴路,距湖南申湘常德天衡汽车销售服务有限公 约217米,距岩桥安置小区 约303米",111.6503,29.055408,0.0,14
338,338,338,,2017-05-12 13:40:43,0.0,14,"ACC开,3D定位,天线正常","湖南省常德市武陵区合兴路,距湖南申湘常德天衡汽车销售服务有限公 约217米,距岩桥安置小区 约303米",111.6503,29.055408,0.0,14
339,339,339,,2017-05-12 13:41:13,0.0,14,"ACC开,3D定位,天线正常","湖南省常德市武陵区合兴路,距湖南申湘常德天衡汽车销售服务有限公 约217米,距岩桥安置小区 约303米",111.6503,29.055408,0.0,14
340,340,340,,2017-05-12 13:41:43,0.0,14,"ACC开,3D定位,天线正常","湖南省常德市武陵区合兴路,距湖南申湘常德天衡汽车销售服务有限公 约217米,距岩桥安置小区 约303米",111.6503,29.055408,0.0,14
341,341,341,,2017-05-12 13:42:13,0.0,14,"ACC开,3D定位,天线正常","湖南省常德市武陵区合兴路,距湖南申湘常德天衡汽车销售服务有限公 约217米,距岩桥安置小区 约303米",111.6503,29.055408,0.0,14
342,342,342,,2017-05-12 13:42:43,0.0,14,"ACC开,3D定位,天线正常","湖南省常德市武陵区合兴路,距湖南申湘常德天衡汽车销售服务有限公 约217米,距岩桥安置小区 约303米",111.6503,29.055408,0.0,14
343,343,343,,2017-05-12 13:43:13,0.0,14,"ACC开,3D定位,天线正常","湖南省常德市武陵区合兴路,距湖南申湘常德天衡汽车销售服务有限公 约217米,距岩桥安置小区 约303米",111.6503,29.055408,0.0,14
344,344,344,,2017-05-12 13:43:43,0.0,14,"ACC开,3D定位,天线正常","湖南省常德市武陵区合兴路,距湖南申湘常德天衡汽车销售服务有限公 约217米,距岩桥安置小区 约303米",111.6503,29.055408,0.0,14
345,345,345,,2017-05-12 13:44:13,0.0,14,"ACC开,3D定位,天线正常","湖南省常德市武陵区合兴路,距湖南申湘常德天衡汽车销售服务有限公 约217米,距岩桥安置小区 约303米",111.6503,29.055408,0.0,14
346,346,346,,2017-05-12 13:44:43,0.0,14,"ACC开,3D定位,天线正常","湖南省常德市武陵区合兴路,距湖南申湘常德天衡汽车销售服务有限公 约217米,距岩桥安置小区 约303米",111.6503,29.055408,0.0,14
347,347,347,,2017-05-12 13:45:13,0.0,14,"ACC开,3D定位,天线正常","湖南省常德市武陵区合兴路,距湖南申湘常德天衡汽车销售服务有限公 约217米,距岩桥安置小区 约303米",111.6503,29.055408,0.0,14
348,348,348,,2017-05-12 13:45:43,0.0,14,"ACC开,3D定位,天线正常","湖南省常德市武陵区合兴路,距湖南申湘常德天衡汽车销售服务有限公 约217米,距岩桥安置小区 约303米",111.6503,29.055408,0.0,14
349,349,349,,2017-05-12 13:46:13,0.0,14,"ACC开,3D定位,天线正常","湖南省常德市武陵区合兴路,距湖南申湘常德天衡汽车销售服务有限公 约217米,距岩桥安置小区 约303米",111.6503,29.055408,0.0,14
350,350,350,,2017-05-12 13:46:43,0.0,14,"ACC开,3D定位,天线正常","湖南省常德市武陵区合兴路,距湖南申湘常德天衡汽车销售服务有限公 约217米,距岩桥安置小区 约303米",111.6503,29.055408,0.0,14
351,351,351,,2017-05-12 13:47:16,0.0,14,"ACC开,3D定位,天线正常","湖南省常德市武陵区合兴路,距湖南申湘常德天衡汽车销售服务有限公 约217米,距岩桥安置小区 约303米",111.6503,29.055408,0.0,14
352,352,352,,2017-05-12 13:47:46,0.0,14,"ACC开,3D定位,天线正常","湖南省常德市武陵区合兴路,距湖南申湘常德天衡汽车销售服务有限公 约217米,距岩桥安置小区 约303米",111.6503,29.055408,0.0,14
353,353,353,,2017-05-12 13:48:16,0.0,14,"ACC开,3D定位,天线正常","湖南省常德市武陵区合兴路,距湖南申湘常德天衡汽车销售服务有限公 约217米,距岩桥安置小区 约303米",111.6503,29.055408,0.0,14
354,354,354,,2017-05-12 13:48:46,0.0,14,"ACC开,3D定位,天线正常","湖南省常德市武陵区合兴路,距湖南申湘常德天衡汽车销售服务有限公 约217米,距岩桥安置小区 约303米",111.6503,29.055408,0.0,14
355,355,355,,2017-05-12 13:49:16,0.0,14,"ACC开,3D定位,天线正常","湖南省常德市武陵区合兴路,距湖南申湘常德天衡汽车销售服务有限公 约217米,距岩桥安置小区 约303米",111.6503,29.055408,0.0,14
356,356,356,,2017-05-12 13:49:46,0.0,14,"ACC开,3D定位,天线正常","湖南省常德市武陵区合兴路,距湖南申湘常德天衡汽车销售服务有限公 约217米,距岩桥安置小区 约303米",111.6503,29.055408,0.0,14
357,357,357,,2017-05-12 13:50:16,0.0,14,"ACC开,3D定位,天线正常","湖南省常德市武陵区合兴路,距湖南申湘常德天衡汽车销售服务有限公 约217米,距岩桥安置小区 约303米",111.6503,29.055408,0.0,14
358,358,358,,2017-05-12 13:50:46,0.0,14,"ACC开,3D定位,天线正常","湖南省常德市武陵区合兴路,距湖南申湘常德天衡汽车销售服务有限公 约217米,距岩桥安置小区 约303米",111.6503,29.055408,0.0,14
359,359,359,,2017-05-12 13:51:16,0.0,14,"ACC开,3D定位,天线正常","湖南省常德市武陵区合兴路,距湖南申湘常德天衡汽车销售服务有限公 约217米,距岩桥安置小区 约303米",111.6503,29.055408,0.0,14
360,360,360,,2017-05-12 13:51:46,0.0,14,"ACC开,3D定位,天线正常","湖南省常德市武陵区合兴路,距湖南申湘常德天衡汽车销售服务有限公 约217米,距岩桥安置小区 约303米",111.6503,29.055408,0.0,14
361,361,361,,2017-05-12 13:52:16,0.0,14,"ACC开,3D定位,天线正常","湖南省常德市武陵区合兴路,距湖南申湘常德天衡汽车销售服务有限公 约217米,距岩桥安置小区 约303米",111.6503,29.055408,0.0,14
362,362,362,,2017-05-12 13:52:46,0.0,14,"ACC开,3D定位,天线正常","湖南省常德市武陵区合兴路,距湖南申湘常德天衡汽车销售服务有限公 约217米,距岩桥安置小区 约303米",111.6503,29.055408,0.0,14
363,363,363,,2017-05-12 13:53:16,0.0,14,"ACC开,3D定位,天线正常","湖南省常德市武陵区合兴路,距湖南申湘常德天衡汽车销售服务有限公 约217米,距岩桥安置小区 约303米",111.6503,29.055408,0.0,14
364,364,364,,2017-05-12 13:53:46,0.0,14,"ACC开,3D定位,天线正常","湖南省常德市武陵区合兴路,距湖南申湘常德天衡汽车销售服务有限公 约217米,距岩桥安置小区 约303米",111.6503,29.055408,0.0,14
365,365,365,,2017-05-12 13:54:16,0.0,14,"ACC开,3D定位,天线正常","湖南省常德市武陵区合兴路,距湖南申湘常德天衡汽车销售服务有限公 约217米,距岩桥安置小区 约303米",111.6503,29.055408,0.0,14
366,366,366,,2017-05-12 13:54:46,0.0,14,"ACC开,3D定位,天线正常","湖南省常德市武陵区合兴路,距湖南申湘常德天衡汽车销售服务有限公 约217米,距岩桥安置小区 约303米",111.6503,29.055408,0.0,14
367,367,367,,2017-05-12 13:55:16,0.0,14,"ACC开,3D定位,天线正常","湖南省常德市武陵区合兴路,距湖南申湘常德天衡汽车销售服务有限公 约217米,距岩桥安置小区 约303米",111.6503,29.055408,0.0,14
368,368,368,,2017-05-12 13:55:46,0.0,14,"ACC开,3D定位,天线正常","湖南省常德市武陵区合兴路,距湖南申湘常德天衡汽车销售服务有限公 约217米,距岩桥安置小区 约303米",111.6503,29.055408,0.0,14
369,369,369,,2017-05-12 13:56:16,0.0,14,"ACC开,3D定位,天线正常","湖南省常德市武陵区合兴路,距湖南申湘常德天衡汽车销售服务有限公 约217米,距岩桥安置小区 约303米",111.6503,29.055408,0.0,14
370,370,370,,2017-05-12 13:56:46,0.0,14,"ACC开,3D定位,天线正常","湖南省常德市武陵区合兴路,距湖南申湘常德天衡汽车销售服务有限公 约217米,距岩桥安置小区 约303米",111.6503,29.055408,0.0,14
371,371,371,,2017-05-12 13:57:16,0.0,14,"ACC开,3D定位,天线正常","湖南省常德市武陵区合兴路,距湖南申湘常德天衡汽车销售服务有限公 约217米,距岩桥安置小区 约303米",111.6503,29.055408,0.0,14
372,372,372,,2017-05-12 13:57:46,0.0,14,"ACC开,3D定位,天线正常","湖南省常德市武陵区合兴路,距湖南申湘常德天衡汽车销售服务有限公 约217米,距岩桥安置小区 约303米",111.6503,29.055408,0.0,14
373,373,373,,2017-05-12 13:58:16,0.0,14,"ACC开,3D定位,天线正常","湖南省常德市武陵区合兴路,距湖南申湘常德天衡汽车销售服务有限公 约217米,距岩桥安置小区 约303米",111.6503,29.055408,0.0,14
374,374,374,,2017-05-12 13:58:46,0.0,14,"ACC开,3D定位,天线正常","湖南省常德市武陵区合兴路,距湖南申湘常德天衡汽车销售服务有限公 约217米,距岩桥安置小区 约303米",111.6503,29.055408,0.0,14
375,375,375,,2017-05-12 13:59:16,0.0,14,"ACC开,3D定位,天线正常","湖南省常德市武陵区合兴路,距湖南申湘常德天衡汽车销售服务有限公 约217米,距岩桥安置小区 约303米",111.6503,29.055408,0.0,14
376,376,376,,2017-05-12 13:59:46,0.0,14,"ACC开,3D定位,天线正常","湖南省常德市武陵区合兴路,距湖南申湘常德天衡汽车销售服务有限公 约217米,距岩桥安置小区 约303米",111.6503,29.055408,0.0,14
377,377,377,,2017-05-12 14:00:16,0.0,14,"ACC开,3D定位,天线正常","湖南省常德市武陵区合兴路,距湖南申湘常德天衡汽车销售服务有限公 约217米,距岩桥安置小区 约303米",111.6503,29.055408,0.0,14
378,378,378,,2017-05-12 14:00:46,0.0,14,"ACC开,3D定位,天线正常","湖南省常德市武陵区合兴路,距湖南申湘常德天衡汽车销售服务有限公 约217米,距岩桥安置小区 约303米",111.6503,29.055408,0.0,14
379,379,379,,2017-05-12 14:01:16,0.0,14,"ACC开,3D定位,天线正常","湖南省常德市武陵区合兴路,距湖南申湘常德天衡汽车销售服务有限公 约217米,距岩桥安置小区 约303米",111.6503,29.055408,0.0,14
380,380,380,,2017-05-12 14:01:46,0.0,14,"ACC开,3D定位,天线正常","湖南省常德市武陵区合兴路,距湖南申湘常德天衡汽车销售服务有限公 约217米,距岩桥安置小区 约303米",111.6503,29.055408,0.0,14
381,381,381,,2017-05-12 14:02:16,0.0,14,"ACC开,3D定位,天线正常","湖南省常德市武陵区合兴路,距湖南申湘常德天衡汽车销售服务有限公 约217米,距岩桥安置小区 约303米",111.6503,29.055408,0.0,14
382,382,382,,2017-05-12 14:02:46,0.0,14,"ACC开,3D定位,天线正常","湖南省常德市武陵区合兴路,距湖南申湘常德天衡汽车销售服务有限公 约217米,距岩桥安置小区 约303米",111.6503,29.055408,0.0,14
383,383,383,,2017-05-12 14:03:16,0.0,14,"ACC开,3D定位,天线正常","湖南省常德市武陵区合兴路,距湖南申湘常德天衡汽车销售服务有限公 约217米,距岩桥安置小区 约303米",111.6503,29.055408,0.0,14
384,384,384,,2017-05-12 14:03:46,0.0,14,"ACC开,3D定位,天线正常","湖南省常德市武陵区合兴路,距湖南申湘常德天衡汽车销售服务有限公 约217米,距岩桥安置小区 约303米",111.6503,29.055408,0.0,14
385,385,385,,2017-05-12 14:04:16,0.0,14,"ACC开,3D定位,天线正常","湖南省常德市武陵区合兴路,距湖南申湘常德天衡汽车销售服务有限公 约217米,距岩桥安置小区 约303米",111.6503,29.055408,0.0,14
386,386,386,,2017-05-12 14:04:46,0.0,14,"ACC开,3D定位,天线正常","湖南省常德市武陵区合兴路,距湖南申湘常德天衡汽车销售服务有限公 约217米,距岩桥安置小区 约303米",111.6503,29.055408,0.0,14
387,387,387,,2017-05-12 14:05:16,0.0,14,"ACC开,3D定位,天线正常","湖南省常德市武陵区合兴路,距湖南申湘常德天衡汽车销售服务有限公 约217米,距岩桥安置小区 约303米",111.6503,29.055408,0.0,14
388,388,388,,2017-05-12 14:05:46,0.0,14,"ACC开,3D定位,天线正常","湖南省常德市武陵区合兴路,距湖南申湘常德天衡汽车销售服务有限公 约217米,距岩桥安置小区 约303米",111.6503,29.055408,0.0,14
389,389,389,,2017-05-12 14:06:16,0.0,14,"ACC开,3D定位,天线正常","湖南省常德市武陵区合兴路,距湖南申湘常德天衡汽车销售服务有限公 约217米,距岩桥安置小区 约303米",111.6503,29.055408,0.0,14
390,390,390,,2017-05-12 14:06:46,0.0,14,"ACC开,3D定位,天线正常","湖南省常德市武陵区合兴路,距湖南申湘常德天衡汽车销售服务有限公 约217米,距岩桥安置小区 约303米",111.6503,29.055408,0.0,14
391,391,391,,2017-05-12 14:07:16,0.0,14,"ACC开,3D定位,天线正常","湖南省常德市武陵区合兴路,距湖南申湘常德天衡汽车销售服务有限公 约217米,距岩桥安置小区 约303米",111.6503,29.055408,0.0,14
392,392,392,,2017-05-12 14:07:46,0.0,14,"ACC开,3D定位,天线正常","湖南省常德市武陵区合兴路,距湖南申湘常德天衡汽车销售服务有限公 约217米,距岩桥安置小区 约303米",111.6503,29.055408,0.0,14
393,393,393,,2017-05-12 14:08:16,0.0,14,"ACC开,3D定位,天线正常","湖南省常德市武陵区合兴路,距湖南申湘常德天衡汽车销售服务有限公 约217米,距岩桥安置小区 约303米",111.6503,29.055408,0.0,14
394,394,394,,2017-05-12 14:08:46,0.0,14,"ACC开,3D定位,天线正常","湖南省常德市武陵区合兴路,距湖南申湘常德天衡汽车销售服务有限公 约217米,距岩桥安置小区 约303米",111.6503,29.055408,0.0,14
395,395,395,,2017-05-12 14:09:16,0.0,14,"ACC开,3D定位,天线正常","湖南省常德市武陵区合兴路,距湖南申湘常德天衡汽车销售服务有限公 约217米,距岩桥安置小区 约303米",111.6503,29.055408,0.0,14
396,396,396,,2017-05-12 14:09:46,0.0,14,"ACC开,3D定位,天线正常","湖南省常德市武陵区合兴路,距湖南申湘常德天衡汽车销售服务有限公 约217米,距岩桥安置小区 约303米",111.6503,29.055408,0.0,14
397,397,397,,2017-05-12 14:10:16,0.0,14,"ACC开,3D定位,天线正常","湖南省常德市武陵区合兴路,距湖南申湘常德天衡汽车销售服务有限公 约217米,距岩桥安置小区 约303米",111.6503,29.055408,0.0,14
398,398,398,,2017-05-12 14:10:46,0.0,14,"ACC开,3D定位,天线正常","湖南省常德市武陵区合兴路,距湖南申湘常德天衡汽车销售服务有限公 约217米,距岩桥安置小区 约303米",111.6503,29.055408,0.0,14
399,399,399,,2017-05-12 14:11:16,0.0,14,"ACC开,3D定位,天线正常","湖南省常德市武陵区合兴路,距湖南申湘常德天衡汽车销售服务有限公 约217米,距岩桥安置小区 约303米",111.6503,29.055408,0.0,14
400,400,400,,2017-05-12 14:11:46,0.0,14,"ACC开,3D定位,天线正常","湖南省常德市武陵区合兴路,距湖南申湘常德天衡汽车销售服务有限公 约217米,距岩桥安置小区 约303米",111.6503,29.055408,0.0,14
401,401,401,,2017-05-12 14:12:16,0.0,14,"ACC开,3D定位,天线正常","湖南省常德市武陵区合兴路,距湖南申湘常德天衡汽车销售服务有限公 约217米,距岩桥安置小区 约303米",111.6503,29.055408,0.0,14
402,402,402,,2017-05-12 14:12:46,0.0,14,"ACC开,3D定位,天线正常","湖南省常德市武陵区合兴路,距湖南申湘常德天衡汽车销售服务有限公 约217米,距岩桥安置小区 约303米",111.6503,29.055408,0.0,14
403,403,403,,2017-05-12 14:13:16,0.0,14,"ACC开,3D定位,天线正常","湖南省常德市武陵区合兴路,距湖南申湘常德天衡汽车销售服务有限公 约217米,距岩桥安置小区 约303米",111.6503,29.055408,0.0,14
404,404,404,,2017-05-12 14:13:46,0.0,14,"ACC开,3D定位,天线正常","湖南省常德市武陵区合兴路,距湖南申湘常德天衡汽车销售服务有限公 约217米,距岩桥安置小区 约303米",111.6503,29.055408,0.0,14
405,405,405,,2017-05-12 14:14:16,0.0,14,"ACC开,3D定位,天线正常","湖南省常德市武陵区合兴路,距湖南申湘常德天衡汽车销售服务有限公 约217米,距岩桥安置小区 约303米",111.6503,29.055408,0.0,14
406,406,406,,2017-05-12 14:14:46,0.0,14,"ACC开,3D定位,天线正常","湖南省常德市武陵区合兴路,距湖南申湘常德天衡汽车销售服务有限公 约217米,距岩桥安置小区 约303米",111.6503,29.055408,0.0,14
407,407,407,,2017-05-12 14:15:16,0.0,14,"ACC开,3D定位,天线正常","湖南省常德市武陵区合兴路,距湖南申湘常德天衡汽车销售服务有限公 约217米,距岩桥安置小区 约303米",111.6503,29.055408,0.0,14
408,408,408,,2017-05-12 14:15:46,0.0,14,"ACC开,3D定位,天线正常","湖南省常德市武陵区合兴路,距湖南申湘常德天衡汽车销售服务有限公 约217米,距岩桥安置小区 约303米",111.6503,29.055408,0.0,14
409,409,409,,2017-05-12 14:16:16,0.0,14,"ACC开,3D定位,天线正常","湖南省常德市武陵区合兴路,距湖南申湘常德天衡汽车销售服务有限公 约217米,距岩桥安置小区 约303米",111.6503,29.055408,0.0,14
410,410,410,,2017-05-12 14:16:46,0.0,14,"ACC开,3D定位,天线正常","湖南省常德市武陵区合兴路,距湖南申湘常德天衡汽车销售服务有限公 约217米,距岩桥安置小区 约303米",111.6503,29.055408,0.0,14
411,411,411,,2017-05-12 14:17:13,7.8,14,"ACC开,3D定位,天线正常","湖南省常德市武陵区合兴路,距湖南申湘常德天衡汽车销售服务有限公 约204米,距岩桥安置小区 约310米",111.650448,29.055388,14.556665826153536,14
412,412,412,,2017-05-12 14:17:51,0.0,14,"ACC开,3D定位,天线正常","湖南省常德市武陵区柳叶大道辅路,距湖南申湘常德天衡汽车销售服务有限公 约193米,距岩桥安置小区 约316米",111.650571,29.05537,12.122133841038996,14
413,413,413,,2017-05-12 14:18:21,0.0,14,"ACC开,3D定位,天线正常","湖南省常德市武陵区柳叶大道辅路,距湖南申湘常德天衡汽车销售服务有限公 约193米,距岩桥安置小区 约316米",111.650571,29.05537,0.0,14
414,414,414,,2017-05-12 14:18:51,0.0,14,"ACC开,3D定位,天线正常","湖南省常德市武陵区柳叶大道辅路,距湖南申湘常德天衡汽车销售服务有限公 约193米,距岩桥安置小区 约316米",111.650571,29.05537,0.0,14
415,415,415,,2017-05-12 14:19:36,0.0,14,"ACC开,3D定位,天线正常","湖南省常德市武陵区柳叶大道辅路,距湖南申湘常德天衡汽车销售服务有限公 约193米,距岩桥安置小区 约316米",111.650571,29.05537,0.0,14
416,416,416,,2017-05-12 14:20:06,0.0,14,"ACC开,3D定位,天线正常","湖南省常德市武陵区柳叶大道辅路,距湖南申湘常德天衡汽车销售服务有限公 约193米,距岩桥安置小区 约316米",111.650571,29.05537,0.0,14
417,417,417,,2017-05-12 14:20:36,0.0,14,"ACC开,3D定位,天线正常","湖南省常德市武陵区柳叶大道辅路,距湖南申湘常德天衡汽车销售服务有限公 约193米,距岩桥安置小区 约316米",111.650571,29.05537,0.0,14
418,418,418,,2017-05-12 14:21:06,0.0,14,"ACC开,3D定位,天线正常","湖南省常德市武陵区柳叶大道辅路,距湖南申湘常德天衡汽车销售服务有限公 约193米,距岩桥安置小区 约316米",111.650571,29.05537,0.0,14
419,419,419,,2017-05-12 14:21:36,0.0,14,"ACC开,3D定位,天线正常","湖南省常德市武陵区柳叶大道辅路,距湖南申湘常德天衡汽车销售服务有限公 约193米,距岩桥安置小区 约316米",111.650571,29.05537,0.0,14
420,420,420,,2017-05-12 14:22:06,0.0,14,"ACC开,3D定位,天线正常","湖南省常德市武陵区柳叶大道辅路,距湖南申湘常德天衡汽车销售服务有限公 约193米,距岩桥安置小区 约316米",111.650571,29.05537,0.0,14
421,421,421,,2017-05-12 14:22:36,0.0,14,"ACC开,3D定位,天线正常","湖南省常德市武陵区柳叶大道辅路,距湖南申湘常德天衡汽车销售服务有限公 约193米,距岩桥安置小区 约316米",111.650571,29.05537,0.0,14
422,422,422,,2017-05-12 14:23:06,0.0,14,"ACC开,3D定位,天线正常","湖南省常德市武陵区柳叶大道辅路,距湖南申湘常德天衡汽车销售服务有限公 约193米,距岩桥安置小区 约316米",111.650571,29.05537,0.0,14
423,423,423,,2017-05-12 14:23:36,0.0,14,"ACC开,3D定位,天线正常","湖南省常德市武陵区柳叶大道辅路,距湖南申湘常德天衡汽车销售服务有限公 约193米,距岩桥安置小区 约316米",111.650571,29.05537,0.0,14
424,424,424,,2017-05-12 14:24:06,0.0,14,"ACC开,3D定位,天线正常","湖南省常德市武陵区柳叶大道辅路,距湖南申湘常德天衡汽车销售服务有限公 约193米,距岩桥安置小区 约316米",111.650571,29.05537,0.0,14
425,425,425,,2017-05-12 14:24:36,0.0,14,"ACC开,3D定位,天线正常","湖南省常德市武陵区柳叶大道辅路,距湖南申湘常德天衡汽车销售服务有限公 约193米,距岩桥安置小区 约316米",111.650571,29.05537,0.0,14
426,426,426,,2017-05-12 14:25:06,0.0,14,"ACC开,3D定位,天线正常","湖南省常德市武陵区柳叶大道辅路,距湖南申湘常德天衡汽车销售服务有限公 约193米,距岩桥安置小区 约316米",111.650571,29.05537,0.0,14
427,427,427,,2017-05-12 14:25:36,0.0,14,"ACC开,3D定位,天线正常","湖南省常德市武陵区柳叶大道辅路,距湖南申湘常德天衡汽车销售服务有限公 约193米,距岩桥安置小区 约316米",111.650571,29.05537,0.0,14
428,428,428,,2017-05-12 14:26:06,0.0,14,"ACC开,3D定位,天线正常","湖南省常德市武陵区柳叶大道辅路,距湖南申湘常德天衡汽车销售服务有限公 约193米,距岩桥安置小区 约316米",111.650571,29.05537,0.0,14
429,429,429,,2017-05-12 14:26:36,0.0,14,"ACC开,3D定位,天线正常","湖南省常德市武陵区柳叶大道辅路,距湖南申湘常德天衡汽车销售服务有限公 约193米,距岩桥安置小区 约316米",111.650571,29.05537,0.0,14
430,430,430,,2017-05-12 14:27:06,0.0,14,"ACC开,3D定位,天线正常","湖南省常德市武陵区柳叶大道辅路,距湖南申湘常德天衡汽车销售服务有限公 约193米,距岩桥安置小区 约316米",111.650571,29.05537,0.0,14
431,431,431,,2017-05-12 14:27:36,0.0,14,"ACC开,3D定位,天线正常","湖南省常德市武陵区柳叶大道辅路,距湖南申湘常德天衡汽车销售服务有限公 约193米,距岩桥安置小区 约316米",111.650571,29.05537,0.0,14
432,432,432,,2017-05-12 14:28:06,0.0,14,"ACC开,3D定位,天线正常","湖南省常德市武陵区柳叶大道辅路,距湖南申湘常德天衡汽车销售服务有限公 约193米,距岩桥安置小区 约316米",111.650571,29.05537,0.0,14
433,433,433,,2017-05-12 14:28:36,0.0,14,"ACC开,3D定位,天线正常","湖南省常德市武陵区柳叶大道辅路,距湖南申湘常德天衡汽车销售服务有限公 约193米,距岩桥安置小区 约316米",111.650571,29.05537,0.0,14
434,434,434,,2017-05-12 14:29:06,0.0,14,"ACC开,3D定位,天线正常","湖南省常德市武陵区柳叶大道辅路,距湖南申湘常德天衡汽车销售服务有限公 约193米,距岩桥安置小区 约316米",111.650571,29.05537,0.0,14
435,435,435,,2017-05-12 14:29:36,0.0,14,"ACC开,3D定位,天线正常","湖南省常德市武陵区柳叶大道辅路,距湖南申湘常德天衡汽车销售服务有限公 约193米,距岩桥安置小区 约316米",111.650571,29.05537,0.0,14
436,436,436,,2017-05-12 14:30:06,0.0,14,"ACC开,3D定位,天线正常","湖南省常德市武陵区柳叶大道辅路,距湖南申湘常德天衡汽车销售服务有限公 约193米,距岩桥安置小区 约316米",111.650571,29.05537,0.0,14
437,437,437,,2017-05-12 14:30:36,0.0,14,"ACC开,3D定位,天线正常","湖南省常德市武陵区柳叶大道辅路,距湖南申湘常德天衡汽车销售服务有限公 约193米,距岩桥安置小区 约316米",111.650571,29.05537,0.0,14
438,438,438,,2017-05-12 14:31:06,0.0,14,"ACC开,3D定位,天线正常","湖南省常德市武陵区柳叶大道辅路,距湖南申湘常德天衡汽车销售服务有限公 约193米,距岩桥安置小区 约316米",111.650571,29.05537,0.0,14
439,439,439,,2017-05-12 14:31:36,0.0,14,"ACC开,3D定位,天线正常","湖南省常德市武陵区柳叶大道辅路,距湖南申湘常德天衡汽车销售服务有限公 约193米,距岩桥安置小区 约316米",111.650571,29.05537,0.0,14
440,440,440,,2017-05-12 14:32:06,0.0,14,"ACC开,3D定位,天线正常","湖南省常德市武陵区柳叶大道辅路,距湖南申湘常德天衡汽车销售服务有限公 约193米,距岩桥安置小区 约316米",111.650571,29.05537,0.0,14
441,441,441,,2017-05-12 14:32:36,0.0,14,"ACC开,3D定位,天线正常","湖南省常德市武陵区柳叶大道辅路,距湖南申湘常德天衡汽车销售服务有限公 约193米,距岩桥安置小区 约316米",111.650571,29.05537,0.0,14
442,442,442,,2017-05-12 14:33:06,0.0,14,"ACC开,3D定位,天线正常","湖南省常德市武陵区柳叶大道辅路,距湖南申湘常德天衡汽车销售服务有限公 约193米,距岩桥安置小区 约316米",111.650571,29.05537,0.0,14
443,443,443,,2017-05-12 14:33:36,0.0,14,"ACC开,3D定位,天线正常","湖南省常德市武陵区柳叶大道辅路,距湖南申湘常德天衡汽车销售服务有限公 约193米,距岩桥安置小区 约316米",111.650571,29.05537,0.0,14
444,444,444,,2017-05-12 14:34:06,0.0,14,"ACC开,3D定位,天线正常","湖南省常德市武陵区柳叶大道辅路,距湖南申湘常德天衡汽车销售服务有限公 约193米,距岩桥安置小区 约316米",111.650571,29.05537,0.0,14
445,445,445,,2017-05-12 14:34:36,0.0,14,"ACC开,3D定位,天线正常","湖南省常德市武陵区柳叶大道辅路,距湖南申湘常德天衡汽车销售服务有限公 约193米,距岩桥安置小区 约316米",111.650571,29.05537,0.0,14
446,446,446,,2017-05-12 14:35:06,0.0,14,"ACC开,3D定位,天线正常","湖南省常德市武陵区柳叶大道辅路,距湖南申湘常德天衡汽车销售服务有限公 约193米,距岩桥安置小区 约316米",111.650571,29.05537,0.0,14
447,447,447,,2017-05-12 14:35:36,0.0,14,"ACC开,3D定位,天线正常","湖南省常德市武陵区柳叶大道辅路,距湖南申湘常德天衡汽车销售服务有限公 约193米,距岩桥安置小区 约316米",111.650571,29.05537,0.0,14
448,448,448,,2017-05-12 14:36:06,0.0,14,"ACC开,3D定位,天线正常","湖南省常德市武陵区柳叶大道辅路,距湖南申湘常德天衡汽车销售服务有限公 约193米,距岩桥安置小区 约316米",111.650571,29.05537,0.0,14
449,449,449,,2017-05-12 14:36:36,0.0,14,"ACC开,3D定位,天线正常","湖南省常德市武陵区柳叶大道辅路,距湖南申湘常德天衡汽车销售服务有限公 约193米,距岩桥安置小区 约316米",111.650571,29.05537,0.0,14
450,450,450,,2017-05-12 14:37:06,0.0,14,"ACC开,3D定位,天线正常","湖南省常德市武陵区柳叶大道辅路,距湖南申湘常德天衡汽车销售服务有限公 约193米,距岩桥安置小区 约316米",111.650571,29.05537,0.0,14
451,451,451,,2017-05-12 14:37:36,0.0,14,"ACC开,3D定位,天线正常","湖南省常德市武陵区柳叶大道辅路,距湖南申湘常德天衡汽车销售服务有限公 约193米,距岩桥安置小区 约316米",111.650571,29.05537,0.0,14
452,452,452,,2017-05-12 14:38:06,0.0,14,"ACC开,3D定位,天线正常","湖南省常德市武陵区柳叶大道辅路,距湖南申湘常德天衡汽车销售服务有限公 约193米,距岩桥安置小区 约316米",111.650571,29.05537,0.0,14
453,453,453,,2017-05-12 14:38:36,0.0,14,"ACC开,3D定位,天线正常","湖南省常德市武陵区柳叶大道辅路,距湖南申湘常德天衡汽车销售服务有限公 约193米,距岩桥安置小区 约316米",111.650571,29.05537,0.0,14
454,454,454,,2017-05-12 14:39:06,0.0,14,"ACC开,3D定位,天线正常","湖南省常德市武陵区柳叶大道辅路,距湖南申湘常德天衡汽车销售服务有限公 约193米,距岩桥安置小区 约316米",111.650571,29.05537,0.0,14
455,455,455,,2017-05-12 14:39:36,0.0,14,"ACC开,3D定位,天线正常","湖南省常德市武陵区柳叶大道辅路,距湖南申湘常德天衡汽车销售服务有限公 约193米,距岩桥安置小区 约316米",111.650571,29.05537,0.0,14
456,456,456,,2017-05-12 14:40:06,0.0,14,"ACC开,3D定位,天线正常","湖南省常德市武陵区柳叶大道辅路,距湖南申湘常德天衡汽车销售服务有限公 约193米,距岩桥安置小区 约316米",111.650571,29.05537,0.0,14
457,457,457,,2017-05-12 14:40:36,0.0,14,"ACC开,3D定位,天线正常","湖南省常德市武陵区柳叶大道辅路,距湖南申湘常德天衡汽车销售服务有限公 约193米,距岩桥安置小区 约316米",111.650571,29.05537,0.0,14
458,458,458,,2017-05-12 14:41:06,0.0,14,"ACC开,3D定位,天线正常","湖南省常德市武陵区柳叶大道辅路,距湖南申湘常德天衡汽车销售服务有限公 约193米,距岩桥安置小区 约316米",111.650571,29.05537,0.0,14
459,459,459,,2017-05-12 14:41:36,0.0,14,"ACC开,3D定位,天线正常","湖南省常德市武陵区柳叶大道辅路,距湖南申湘常德天衡汽车销售服务有限公 约193米,距岩桥安置小区 约316米",111.650571,29.05537,0.0,14
460,460,460,,2017-05-12 14:42:06,0.0,14,"ACC开,3D定位,天线正常","湖南省常德市武陵区柳叶大道辅路,距湖南申湘常德天衡汽车销售服务有限公 约193米,距岩桥安置小区 约316米",111.650571,29.05537,0.0,14
461,461,461,,2017-05-12 14:42:36,0.0,14,"ACC开,3D定位,天线正常","湖南省常德市武陵区柳叶大道辅路,距湖南申湘常德天衡汽车销售服务有限公 约193米,距岩桥安置小区 约316米",111.650571,29.05537,0.0,14
462,462,462,,2017-05-12 14:43:06,0.0,14,"ACC开,3D定位,天线正常","湖南省常德市武陵区柳叶大道辅路,距湖南申湘常德天衡汽车销售服务有限公 约193米,距岩桥安置小区 约316米",111.650571,29.05537,0.0,14
463,463,463,,2017-05-12 14:43:36,0.0,14,"ACC开,3D定位,天线正常","湖南省常德市武陵区柳叶大道辅路,距湖南申湘常德天衡汽车销售服务有限公 约193米,距岩桥安置小区 约316米",111.650571,29.05537,0.0,14
464,464,464,,2017-05-12 14:44:06,0.0,14,"ACC开,3D定位,天线正常","湖南省常德市武陵区柳叶大道辅路,距湖南申湘常德天衡汽车销售服务有限公 约193米,距岩桥安置小区 约316米",111.650571,29.05537,0.0,14
465,465,465,,2017-05-12 14:44:36,0.0,14,"ACC开,3D定位,天线正常","湖南省常德市武陵区柳叶大道辅路,距湖南申湘常德天衡汽车销售服务有限公 约193米,距岩桥安置小区 约316米",111.650571,29.05537,0.0,14
466,466,466,,2017-05-12 14:45:06,0.0,14,"ACC开,3D定位,天线正常","湖南省常德市武陵区柳叶大道辅路,距湖南申湘常德天衡汽车销售服务有限公 约193米,距岩桥安置小区 约316米",111.650571,29.05537,0.0,14
467,467,467,,2017-05-12 14:45:36,0.0,14,"ACC开,3D定位,天线正常","湖南省常德市武陵区柳叶大道辅路,距湖南申湘常德天衡汽车销售服务有限公 约193米,距岩桥安置小区 约316米",111.650571,29.05537,0.0,14
468,468,468,,2017-05-12 14:46:06,0.0,14,"ACC开,3D定位,天线正常","湖南省常德市武陵区柳叶大道辅路,距湖南申湘常德天衡汽车销售服务有限公 约193米,距岩桥安置小区 约316米",111.650571,29.05537,0.0,14
469,469,469,,2017-05-12 14:46:36,0.0,14,"ACC开,3D定位,天线正常","湖南省常德市武陵区柳叶大道辅路,距湖南申湘常德天衡汽车销售服务有限公 约193米,距岩桥安置小区 约316米",111.650571,29.05537,0.0,14
470,470,470,,2017-05-12 14:47:06,0.0,14,"ACC开,3D定位,天线正常","湖南省常德市武陵区柳叶大道辅路,距湖南申湘常德天衡汽车销售服务有限公 约193米,距岩桥安置小区 约316米",111.650571,29.05537,0.0,14
471,471,471,,2017-05-12 14:47:36,0.0,14,"ACC开,3D定位,天线正常","湖南省常德市武陵区柳叶大道辅路,距湖南申湘常德天衡汽车销售服务有限公 约193米,距岩桥安置小区 约316米",111.650571,29.05537,0.0,14
472,472,472,,2017-05-12 14:48:06,0.0,14,"ACC开,3D定位,天线正常","湖南省常德市武陵区柳叶大道辅路,距湖南申湘常德天衡汽车销售服务有限公 约193米,距岩桥安置小区 约316米",111.650571,29.05537,0.0,14
473,473,473,,2017-05-12 14:48:36,0.0,14,"ACC开,3D定位,天线正常","湖南省常德市武陵区柳叶大道辅路,距湖南申湘常德天衡汽车销售服务有限公 约193米,距岩桥安置小区 约316米",111.650571,29.05537,0.0,14
474,474,474,,2017-05-12 14:49:06,0.0,14,"ACC开,3D定位,天线正常","湖南省常德市武陵区柳叶大道辅路,距湖南申湘常德天衡汽车销售服务有限公 约193米,距岩桥安置小区 约316米",111.650571,29.05537,0.0,14
475,475,475,,2017-05-12 14:49:36,0.0,14,"ACC开,3D定位,天线正常","湖南省常德市武陵区柳叶大道辅路,距湖南申湘常德天衡汽车销售服务有限公 约193米,距岩桥安置小区 约316米",111.650571,29.05537,0.0,14
476,476,476,,2017-05-12 14:50:06,0.0,14,"ACC开,3D定位,天线正常","湖南省常德市武陵区柳叶大道辅路,距湖南申湘常德天衡汽车销售服务有限公 约193米,距岩桥安置小区 约316米",111.650571,29.05537,0.0,14
477,477,477,,2017-05-12 14:50:36,0.0,14,"ACC开,3D定位,天线正常","湖南省常德市武陵区柳叶大道辅路,距湖南申湘常德天衡汽车销售服务有限公 约193米,距岩桥安置小区 约316米",111.650571,29.05537,0.0,14
478,478,478,,2017-05-12 14:51:06,0.0,14,"ACC开,3D定位,天线正常","湖南省常德市武陵区柳叶大道辅路,距湖南申湘常德天衡汽车销售服务有限公 约193米,距岩桥安置小区 约316米",111.650571,29.05537,0.0,14
479,479,479,,2017-05-12 14:51:31,11.1,14,"ACC开,3D定位,天线正常","湖南省常德市武陵区柳叶大道辅路,距湖南申湘常德天衡汽车销售服务有限公 约158米,距聚宝安置小区 约343米",111.650846,29.055161,35.42033370044659,14
480,480,480,,2017-05-12 14:51:55,0.0,14,"ACC开,3D定位,天线正常","湖南省常德市武陵区柳叶大道辅路,距湖南申湘常德天衡汽车销售服务有限公 约199米,距岩桥安置小区 约293米",111.65095600000001,29.055778999999998,69.54539781027914,14
481,481,481,,2017-05-12 14:52:25,0.0,14,"ACC开,3D定位,天线正常","湖南省常德市武陵区柳叶大道辅路,距湖南申湘常德天衡汽车销售服务有限公 约199米,距岩桥安置小区 约293米",111.65095600000001,29.055778999999998,0.0,14
482,482,482,,2017-05-12 14:52:51,9.9,14,"ACC开,3D定位,天线正常","湖南省常德市武陵区柳叶大道辅路,距湖南申湘常德天衡汽车销售服务有限公 约206米,距岩桥安置小区 约287米",111.65109,29.055922999999996,20.64062393517463,14
483,483,483,,2017-05-12 14:53:27,31.1,14,"ACC开,3D定位,天线正常","湖南省常德市武陵区G207(常澧路),距常德如家酒店 约203米,距崔家溶 约266米",111.654525,29.056603999999997,342.3627786904483,14
484,484,484,,2017-05-12 14:54:07,0.0,14,"ACC开,3D定位,天线正常","湖南省常德市武陵区G207(常澧路),距常德如家酒店 约214米,距常德市汇文中学 约274米",111.654831,29.056653000000004,30.238159031926084,14
485,485,485,,2017-05-12 14:54:50,60.9,14,"ACC开,3D定位,天线正常","湖南省常德市武陵区柳叶大道辅路,距岩桥安置小区 约251米,距湖南申湘常德天衡汽车销售服务有限公 约254米",111.651223,29.056461,351.3473888454962,14
486,486,486,,2017-05-12 14:55:20,54.8,15,"ACC开,3D定位,天线正常","湖南省常德市武陵区柳叶大道辅路,距合兴村村委会 约261米,距合兴村 约329米",111.64593500000001,29.055784999999997,519.4638333465413,15
487,487,487,,2017-05-12 14:55:50,32.0,15,"ACC开,3D定位,天线正常","湖南省常德市武陵区金丹路,距合兴村村委会 约12米,距合兴村 约201米",111.643201,29.055466,268.1044609576544,15
488,488,488,,2017-05-12 14:56:33,33.3,16,"ACC开,3D定位,天线正常","湖南省常德市武陵区柳叶大道辅路,距合兴村 约337米,距合兴村村委会 约433米",111.639596,29.057753,432.9604095937365,16
489,489,489,,2017-05-12 14:57:03,12.7,16,"ACC开,3D定位,天线正常","湖南省常德市武陵区,距枫树山 约322米,距合兴村 约639米",111.63724599999999,29.06002,340.1726792993407,16
490,490,490,,2017-05-12 14:57:48,5.0,16,"ACC开,3D定位,天线正常","湖南省常德市武陵区,距枫树山 约113米,距茄子滩 约507米",111.63583999999999,29.061576000000002,220.47928865681405,16
491,491,491,,2017-05-12 14:58:39,0.0,16,"ACC开,3D定位,天线正常","湖南省常德市武陵区,距枫树山 约119米,距茄子滩 约481米",111.63555600000001,29.061525,28.180014403064213,16
492,492,492,,2017-05-12 14:59:09,0.0,16,"ACC开,3D定位,天线正常","湖南省常德市武陵区,距枫树山 约119米,距茄子滩 约481米",111.63555600000001,29.061525,0.0,16
493,493,493,,2017-05-12 14:59:39,0.0,16,"ACC开,3D定位,天线正常","湖南省常德市武陵区,距枫树山 约119米,距茄子滩 约481米",111.63555600000001,29.061525,0.0,16
494,494,494,,2017-05-12 15:00:16,10.5,16,"ACC开,3D定位,天线正常","湖南省常德市武陵区,距枫树山 约236米,距茄子滩 约395米",111.634303,29.060858000000003,142.59266592629282,16
495,495,495,,2017-05-12 15:00:44,0.0,16,"ACC开,3D定位,天线正常","湖南省常德市武陵区,距枫树山 约273米,距茄子滩 约298米",111.63338300000001,29.06121,97.6113427765093,16
496,496,496,,2017-05-12 15:01:14,0.0,16,"ACC开,3D定位,天线正常","湖南省常德市武陵区,距枫树山 约273米,距茄子滩 约298米",111.63338300000001,29.061211,0.11119508416385716,16
497,497,497,,2017-05-12 15:01:44,0.0,16,"ACC开,3D定位,天线正常","湖南省常德市武陵区,距枫树山 约273米,距茄子滩 约298米",111.63338300000001,29.061211,0.0,16
498,498,498,,2017-05-12 15:02:14,0.0,16,"ACC开,3D定位,天线正常","湖南省常德市武陵区,距枫树山 约273米,距茄子滩 约298米",111.63338300000001,29.061211,0.0,16
499,499,499,,2017-05-12 15:02:44,0.0,16,"ACC开,3D定位,天线正常","湖南省常德市武陵区,距枫树山 约273米,距茄子滩 约298米",111.63338300000001,29.061211,0.0,16
500,500,500,,2017-05-12 15:03:14,0.0,16,"ACC开,3D定位,天线正常","湖南省常德市武陵区,距枫树山 约273米,距茄子滩 约298米",111.63338300000001,29.061211,0.0,16
501,501,501,,2017-05-12 15:03:44,0.0,16,"ACC开,3D定位,天线正常","湖南省常德市武陵区,距枫树山 约273米,距茄子滩 约298米",111.63338300000001,29.061211,0.0,16
502,502,502,,2017-05-12 15:13:54,0.0,16,"ACC开,3D定位,天线正常","湖南省常德市武陵区,距枫树山 约273米,距茄子滩 约298米",111.633381,29.06121,0.2239473441147228,16
503,503,503,,2017-05-12 15:23:54,0.0,16,"ACC开,3D定位,天线正常","湖南省常德市武陵区,距枫树山 约273米,距茄子滩 约298米",111.633381,29.06121,0.0,16
504,504,504,,2017-05-12 15:33:54,0.0,16,"ACC开,3D定位,天线正常","湖南省常德市武陵区,距枫树山 约273米,距茄子滩 约298米",111.633381,29.06121,0.0,16
505,505,505,,2017-05-12 15:43:54,0.0,16,"ACC开,3D定位,天线正常","湖南省常德市武陵区,距枫树山 约273米,距茄子滩 约298米",111.633381,29.06121,0.0,16
506,506,506,,2017-05-12 15:53:54,0.0,16,"ACC开,3D定位,天线正常","湖南省常德市武陵区,距枫树山 约273米,距茄子滩 约298米",111.633381,29.06121,0.0,16
507,507,507,,2017-05-12 16:03:54,0.0,16,"ACC开,3D定位,天线正常","湖南省常德市武陵区,距枫树山 约273米,距茄子滩 约298米",111.633381,29.06121,0.0,16
508,508,508,,2017-05-12 16:13:54,0.0,16,"ACC开,3D定位,天线正常","湖南省常德市武陵区,距枫树山 约273米,距茄子滩 约298米",111.633381,29.06121,0.0,16
509,509,509,,2017-05-12 16:23:54,0.0,16,"ACC开,3D定位,天线正常","湖南省常德市武陵区,距枫树山 约273米,距茄子滩 约298米",111.633381,29.06121,0.0,16
510,510,510,,2017-05-12 16:33:54,0.0,16,"ACC开,3D定位,天线正常","湖南省常德市武陵区,距枫树山 约273米,距茄子滩 约298米",111.633381,29.06121,0.0,16
511,511,511,,2017-05-12 16:43:54,0.0,16,"ACC开,3D定位,天线正常","湖南省常德市武陵区,距枫树山 约273米,距茄子滩 约298米",111.633381,29.06121,0.0,16
512,512,512,,2017-05-12 16:53:54,0.0,16,"ACC开,3D定位,天线正常","湖南省常德市武陵区,距枫树山 约273米,距茄子滩 约298米",111.633381,29.06121,0.0,16
513,513,513,,2017-05-12 17:03:54,0.0,16,"ACC开,3D定位,天线正常","湖南省常德市武陵区,距枫树山 约273米,距茄子滩 约298米",111.633381,29.06121,0.0,16
514,514,514,,2017-05-12 17:13:54,0.0,16,"ACC开,3D定位,天线正常","湖南省常德市武陵区,距枫树山 约273米,距茄子滩 约298米",111.633381,29.06121,0.0,16
515,515,515,,2017-05-12 17:23:54,0.0,16,"ACC开,3D定位,天线正常","湖南省常德市武陵区,距枫树山 约273米,距茄子滩 约298米",111.633381,29.06121,0.0,16
516,516,516,,2017-05-12 17:33:54,0.0,16,"ACC开,3D定位,天线正常","湖南省常德市武陵区,距枫树山 约273米,距茄子滩 约298米",111.633381,29.06121,0.0,16
517,517,517,,2017-05-12 17:43:54,0.0,16,"ACC开,3D定位,天线正常","湖南省常德市武陵区,距枫树山 约273米,距茄子滩 约298米",111.633381,29.06121,0.0,16
518,518,518,,2017-05-12 17:53:54,0.0,16,"ACC开,3D定位,天线正常","湖南省常德市武陵区,距枫树山 约273米,距茄子滩 约298米",111.633381,29.06121,0.0,16
519,519,519,,2017-05-12 18:03:54,0.0,16,"ACC开,3D定位,天线正常","湖南省常德市武陵区,距枫树山 约273米,距茄子滩 约298米",111.633381,29.06121,0.0,16
520,520,520,,2017-05-12 18:13:54,0.0,16,"ACC开,3D定位,天线正常","湖南省常德市武陵区,距枫树山 约273米,距茄子滩 约298米",111.633381,29.06121,0.0,16
521,521,521,,2017-05-12 18:23:54,0.0,16,"ACC开,3D定位,天线正常","湖南省常德市武陵区,距枫树山 约273米,距茄子滩 约298米",111.633381,29.06121,0.0,16
522,522,522,,2017-05-12 18:33:54,0.0,16,"ACC开,3D定位,天线正常","湖南省常德市武陵区,距枫树山 约273米,距茄子滩 约298米",111.633381,29.06121,0.0,16
523,523,523,,2017-05-12 18:43:54,0.0,16,"ACC开,3D定位,天线正常","湖南省常德市武陵区,距枫树山 约273米,距茄子滩 约298米",111.633381,29.06121,0.0,16
524,524,524,,2017-05-12 18:53:54,0.0,16,"ACC开,3D定位,天线正常","湖南省常德市武陵区,距枫树山 约273米,距茄子滩 约298米",111.633381,29.06121,0.0,16
525,525,525,,2017-05-12 19:03:54,0.0,16,"ACC开,3D定位,天线正常","湖南省常德市武陵区,距枫树山 约273米,距茄子滩 约298米",111.633381,29.06121,0.0,16
526,526,526,,2017-05-12 19:13:54,0.0,16,"ACC开,3D定位,天线正常","湖南省常德市武陵区,距枫树山 约273米,距茄子滩 约298米",111.633381,29.06121,0.0,16
527,527,527,,2017-05-12 19:23:54,0.0,16,"ACC开,3D定位,天线正常","湖南省常德市武陵区,距枫树山 约273米,距茄子滩 约298米",111.633381,29.06121,0.0,16
528,528,528,,2017-05-12 19:33:54,0.0,16,"ACC开,3D定位,天线正常","湖南省常德市武陵区,距枫树山 约273米,距茄子滩 约298米",111.633381,29.06121,0.0,16
529,529,529,,2017-05-12 19:43:54,0.0,16,"ACC开,3D定位,天线正常","湖南省常德市武陵区,距枫树山 约273米,距茄子滩 约298米",111.633381,29.06121,0.0,16
530,530,530,,2017-05-12 19:53:54,0.0,16,"ACC开,3D定位,天线正常","湖南省常德市武陵区,距枫树山 约273米,距茄子滩 约298米",111.633381,29.06121,0.0,16
531,531,531,,2017-05-12 20:03:54,0.0,16,"ACC开,3D定位,天线正常","湖南省常德市武陵区,距枫树山 约273米,距茄子滩 约298米",111.633381,29.06121,0.0,16
532,532,532,,2017-05-12 20:13:54,0.0,16,"ACC开,3D定位,天线正常","湖南省常德市武陵区,距枫树山 约273米,距茄子滩 约298米",111.633381,29.06121,0.0,16
533,533,533,,2017-05-12 20:23:54,0.0,16,"ACC开,3D定位,天线正常","湖南省常德市武陵区,距枫树山 约273米,距茄子滩 约298米",111.633381,29.06121,0.0,16
534,534,534,,2017-05-12 20:33:54,0.0,16,"ACC开,3D定位,天线正常","湖南省常德市武陵区,距枫树山 约273米,距茄子滩 约298米",111.633381,29.06121,0.0,16
535,535,535,,2017-05-12 20:43:54,0.0,16,"ACC开,3D定位,天线正常","湖南省常德市武陵区,距枫树山 约273米,距茄子滩 约298米",111.633381,29.06121,0.0,16
